Прізвище,Ім’я,По батькові,Стать,Дата народження,Посада,Місто проживання,Адреса проживання,Телефон,Email
Редько,Галина,Григорівна,Жіноча,1970-05-18,Ріелтор,хутір Хорол,"шосе Штурвальна, буд. 942 кв. 0",464-88-95,xmazur@example.net
Лавренко,Ольга,Богданівна,Жіноча,1957-03-09,Провізор,селище Верхньодніпровськ,"шосе Пересипська 6-та, буд. 108",054 139 35 99,panas61@example.com
Свириденко,Марина,Михайлівна,Жіноча,1995-12-27,Хімік,село Берестечко,"узвіз Тупиковий, буд. 88 кв. 69",+380 13 408-63-05,ielysaveta16@example.com
Василенко,Прохір,Юрійович,Чоловіча,1978-08-09,Петрограф,село Болград,"набережна Офіцерська, буд. 84 кв. 36",045 357 57 60,hlibvdovychenko@example.net
Литвин,Оксана,Максимівна,Жіноча,1980-10-01,Круп'є,хутір Буринь,"парк Озерна, буд. 3",+380 98 210-73-44,iukhymkhudobiak@example.com
Фоменко,Зиновій,Богданович,Чоловіча,1983-04-12,Кухар,хутір Гайсин,"провулок Обільний 1-й, буд. 34",+380 (37) 229-79-97,ezaika@example.com
Бабʼяк,Ганна,Євгенівна,Жіноча,1992-12-25,Випробувач,селище Іршава,"набережна Контрадмірала Остроградського, буд. 676 кв. 7",073 458-03-30,pustovitmariia@example.org
Матяш,Лариса,Євгенівна,Жіноча,2009-12-30,Детектив,село Токмак,"провулок Садовий, буд. 720",565-03-54,ckorsun@example.net
Величко,Златослава,Сергіївна,Жіноча,1972-08-16,Кур'єр,селище Селидове,"вулиця Польський узвіз, буд. 3",009 714-12-73,viravanchenko@example.com
Чумаченко,Надія,Степанівна,Жіноча,2008-11-14,Геофізик,селище Немирів,"проспект Спортивний, буд. 1",+380 39 011-88-58,wkhomenko@example.net
Годунок,Юстина,Володимирівна,Жіноча,1963-09-01,Дерун,селище Мала Виска,"вулиця Буковинська, буд. 7",082 116-91-94,radchenkoliubov@example.com
Вишивана,Ірина,Романівна,Жіноча,1986-05-09,Провізор,селище Пирятин,"провулок Чорноморський, буд. 613 кв. 4",+380 31 710-80-23,chornovilliubov@example.com
Щербань,Василина,Миколаївна,Жіноча,1954-05-05,Гірничий інженер,місто Іршава,"шосе Князівська, буд. 44",019 301-58-23,suprunenkorozaliia@example.net
Вишиваний,Охрім,Петрович,Чоловіча,1958-12-30,Юрист,місто Бобринець,"площа Будівельний, буд. 59 кв. 2",028 837 34 96,mariia69@example.net
Сіробаба,Віктор,Богданович,Чоловіча,2000-06-12,Гицель,місто Тростянець,"парк Амбулаторний 2-й, буд. 747",+380 64 307-59-67,karpavasyl@example.org
Василенко,Зиновій,Михайлович,Чоловіча,1957-08-26,Кінолог,селище Батурин,"узвіз Вапняна, буд. 3 кв. 726",+380 02 031 40 76,durdynetsadam@example.org
Уманець,Болеслав,Степанович,Чоловіча,1997-03-06,Ді-джей,село Ковель,"площа Студентський 5-й, буд. 68",033 359 75 49,sviatoslavashevchenko@example.net
Ткаченко,Леонід,Олександрович,Чоловіча,1982-06-25,Ріелтор,селище Миргород,"узвіз Матюшенка, буд. 411",654-71-98,zasiadkoiaryna@example.com
Василевич,Володимира,Степанівна,Жіноча,1957-07-05,Нотаріус,селище П'ятихатки,"узвіз Бузковий 2-й, буд. 9",+380 (91) 909-54-84,stepan83@example.com
Скирда,Адам,Романович,Чоловіча,1958-09-05,Астроном,місто Феодосія,"узвіз Херсонський сквер, буд. 56",+380 27 350 75 08,mtsisyk@example.com
Жаліло,Оксана,Василівна,Жіноча,1983-08-16,Прокурор,село Петрово-Красносілля,"провулок Трамвайна, буд. 91",026 956 22 17,priska50@example.com
Канівець,Іван,Романович,Чоловіча,2002-01-06,Парфюмер,місто Добромиль,"шосе Демократична, буд. 2 кв. 980",+380 82 209-51-23,qlahoda@example.org
Іщак,Олекса,Романович,Чоловіча,1990-08-06,Фрілансер,хутір Зоринськ,"парк Цегляна, буд. 31",736 91 94,sradchenko@example.org
Ільєнко,Антон,Миколайович,Чоловіча,1997-10-18,Кіноактор,хутір Гайсин,"вулиця Лінія 28-ма, буд. 52",+380 94 699-14-66,aaronprotsenko@example.com
Бабиченко,Вадим,Ярославович,Чоловіча,1991-12-06,Стропальник,селище Карлівка,"сквер Заводська 3-тя, буд. 822",071 265-00-07,hunkoviktoriia@example.org
Сірченко,Марина,Тарасівна,Жіноча,1951-04-15,Нотаріус,хутір Макіївка,"парк Вапняний 1-й, буд. 037",+380 74 678 60 07,vladyslav48@example.com
Чумаченко,Теодор,Володимирович,Чоловіча,1964-08-23,Фольклорист,місто Глухів,"площа П'ята, буд. 24",+380 (37) 404-66-63,okhrimkanivets@example.com
Удовиченко,Руслан,Михайлович,Чоловіча,1963-02-21,Медик,селище Полонне,"парк Черкаська, буд. 931",025 923 36 55,martavdovychenko@example.com
Рубан,Віра,Василівна,Жіноча,2000-04-23,Літературознавець,місто Зимогір'я,"парк Ланжеронівський узвіз, буд. 1",+380 (59) 242-76-83,tokarillia@example.org
Верховинець,Роксолана,Іванівна,Жіноча,1965-03-12,Режисер,селище Мала Виска,"шосе Молоді, буд. 13 кв. 9",080 539-22-78,moskalmariana@example.net
Вертипорох,Онисим,Ярославович,Чоловіча,1987-12-17,Футболіст,хутір Баштанка,"провулок Геранієва, буд. 987 кв. 77",+380 81 900-71-83,sirobabaspas@example.org
Супруненко,Еріка,Петрівна,Жіноча,1961-05-17,Археолог,селище Буськ,"вулиця Книжковий, буд. 2 кв. 08",+380 (76) 064-39-19,fedir96@example.org
Ільченко,Аврелій,Іванович,Чоловіча,1990-02-20,Клавішник,селище Джанкой,"шосе Космонавтів, буд. 662 кв. 52",+380 74 442 11 49,ruslan81@example.net
Корж,Микита,Сергійович,Чоловіча,1968-08-27,Ветеринар,село Болград,"парк Гоголя, буд. 909",047 756 80 30,esomko@example.net
Чуйко,Орися,Ярославівна,Жіноча,2003-09-05,Журналіст,хутір Красногорівка,"парк Армійська, буд. 1",+380 (03) 874-74-41,iurchenkoalbina@example.com
Носенко,Степан,Григорович,Чоловіча,1979-06-14,Єгер,місто Хрустальний,"парк Головківська, буд. 2",+380 89 812-22-47,liubov11@example.org
Шовкопляс,Онисим,Богданович,Чоловіча,1973-10-15,Кухар,село Дніпрорудне,"провулок Дальня, буд. 3",067 197-93-19,pdrobiazko@example.com
Дрозд,Богданна,Іванівна,Жіноча,1985-08-18,Кухар,селище Одеса,"шосе Українська, буд. 33",053 250 08 61,vprytula@example.com
Бабко,Дмитро,Володимирович,Чоловіча,1969-12-02,Лікар,село Гнівань,"парк 9-та Лінія Дачі Ковалевського, буд. 3",053 968 83 21,demianenkooles@example.com
Чуйко,Марко,Ярославович,Чоловіча,1978-09-28,Агроном,село Буринь,"набережна Церковна, буд. 9 кв. 415",130 80 49,tetianaiemets@example.org
Оліфіренко,Вʼячеслав,Тарасович,Чоловіча,1970-06-30,Краєзнавець,хутір Скадовськ,"узвіз Академіка Сахарова, буд. 556",216 96 07,jbabko@example.com
Фастенко,Володимира,Анатоліївна,Жіноча,1996-09-21,Ботанік,селище Трускавець,"узвіз Тупиковий 2-й, буд. 9 кв. 014",009 957-17-97,andriiovychihor@example.net
Гресь,Алевтин,Михайлович,Чоловіча,1999-02-19,Паралегал,хутір Чоп,"парк Чорноморського козацтва, буд. 9",043 867 17 79,davydkarpenko@example.org
Ґерус,Лариса,Богданівна,Жіноча,2002-06-18,Астрофізик,село Богодухів,"сквер Географічний, буд. 67",+380 (31) 215-44-16,panchukrostyslav@example.org
Комар,Златослава,Романівна,Жіноча,1978-10-17,Бухгалтер,місто Глиняни,"вулиця Деревообробна, буд. 23 кв. 33",063 378-61-71,wshelest@example.net
Гаврилишин,Дарина,Олегівна,Жіноча,1963-08-01,Кіноактор,місто Соснівка,"шосе Остапа Вишні, буд. 571 кв. 9",+380 47 624-23-37,onishchukanita@example.org
Пилипенко,Василь,Анатолійович,Чоловіча,1989-08-21,Краєзнавець,місто Лиман,"шосе Осіння, буд. 020 кв. 86",009 074-99-55,myron57@example.net
Бабенко,Марина,Максимівна,Жіноча,1966-05-12,Модельєр,село Гнівань,"узвіз Біржова, буд. 88",+380 47 041 55 71,fdzhun@example.org
Андрієвич,Василь,Анатолійович,Чоловіча,2011-01-07,Фотограф,селище Дружківка,"набережна Буковинська, буд. 891",545 45 65,sofiiagereta@example.net
Карпенко,Антон,Анатолійович,Чоловіча,1989-06-07,Гінеколог,місто Ровеньки,"узвіз Якірний, буд. 741",830-90-28,yieshchenko@example.org
Гресь,Мирослав,Сергійович,Чоловіча,1972-11-21,Стропальник,селище Липовець,"площа Кристаловського, буд. 447 кв. 6",762-88-97,ypanchuk@example.org
Юхименко,Болеслав,Сергійович,Чоловіча,2002-02-22,Геофізик,селище Кремінна,"вулиця Яружний, буд. 9 кв. 45",850 02 09,mykhailo44@example.net
Приймак,Прохір,Васильович,Чоловіча,1955-09-08,Парфюмер,село Соснівка,"проспект Газова, буд. 6",742-74-52,varvara07@example.com
Василашко,Станіслав,Степанович,Чоловіча,1953-12-06,Бізнесмен,село Очаків,"набережна Академіка Липського, буд. 308 кв. 70",092 485 74 41,ievtushenkobohuslava@example.com
Палій,Анжела,Володимирівна,Жіноча,1975-10-21,Кінокритик,село Кам'янка-Дніпровська,"площа Мирна, буд. 080 кв. 36",+380 90 421-75-20,petroliashko@example.com
Голобородько,Михайлина,Миколаївна,Жіноча,1977-09-23,Астроном,місто Новий Калинів,"узвіз Юрія Єгорова, буд. 151",037 755-14-01,korbuterika@example.com
Дейсун,Веніямин,Тарасович,Чоловіча,1950-01-03,Зоолог,селище Новий Розділ,"шосе Траса Здоров'я, буд. 53",+380 72 738-73-47,otkach@example.net
Удовенко,Августин,Ярославович,Чоловіча,1974-08-17,Скульптор,село Жмеринка,"площа Дачний 2-й, буд. 39 кв. 37",+380 67 433-21-33,ielysavetachalenko@example.org
Лубенець,Данило,Тарасович,Чоловіча,1983-09-29,Астрофізик,селище Барвінкове,"площа Виноградна 3-тя, буд. 334",+380 93 088 02 87,wvoblyi@example.org
Кабаненко,Єва,Максимівна,Жіноча,2009-10-28,Круп'є,село Галич,"провулок Тюльпанний, буд. 38 кв. 143",+380 91 980 57 36,ikhomyk@example.com
Ґоляш,Мілена,Євгенівна,Жіноча,1986-12-08,Історик,хутір Новоград-Волинський,"набережна Конструкторський, буд. 61 кв. 919",925-78-01,halynaiermolenko@example.net
Артюшенко,Тетяна,Михайлівна,Жіноча,1975-03-14,Бухгалтер,селище Миронівка,"узвіз Локомотивний 2-й, буд. 766",066 482-59-95,dubynaiaryna@example.org
Тарасенко,Богуслава,Анатоліївна,Жіноча,1983-11-19,Маркетолог,хутір Мена,"провулок Східчастий, буд. 0",+380 00 218-54-97,haidaiefrem@example.net
Цюпа,Маруся,Степанівна,Жіноча,1989-07-23,Клавішник,хутір Помічна,"сквер Бессарабська, буд. 6 кв. 2",002 990-50-54,pavlodrozd@example.net
Засуха,Ярема,Андрійович,Чоловіча,1954-01-04,Інженер,хутір Болехів,"вулиця 10-та Лінія Марії Демченко, буд. 528 кв. 2",499-97-27,dan27@example.org
Данькевич,Ігор,Сергійович,Чоловіча,1954-07-01,Мікробіолог,місто Жовква,"площа Авіаторів, буд. 163",+380 56 564 10 90,snizhanakomar@example.net
Вернидуб,Софія,Петрівна,Жіноча,1949-08-15,Геолог,селище Сміла,"сквер Пісочна, буд. 22",+380 50 845 60 10,nivashchenko@example.com
Доценко,Сніжана,Максимівна,Жіноча,1977-07-23,Провізор,село Полонне,"площа Восьмого березня 2-й, буд. 884",457 96 02,ekabaliuk@example.com
Ніколюк,Леон,Григорович,Чоловіча,1957-02-13,Історик,село Славутич,"парк Матроський узвіз, буд. 20",031 396-11-21,aaronreva@example.com
Василенко,Орися,Вікторівна,Жіноча,1988-12-15,Золотар,селище Прилуки,"парк Садова 2-га, буд. 454 кв. 894",+380 35 976-00-89,vshamrai@example.org
Вітер,Оксана,Петрівна,Жіноча,1998-06-30,Пекар,хутір Ялта,"шосе П'ята, буд. 42",069 733-20-58,labastefan@example.org
Радченко,Олекса,Юрійович,Чоловіча,2005-09-12,Нотаріус,хутір Білицьке,"провулок Одарія, буд. 196 кв. 402",207 47 86,khomenkomarko@example.org
Луценко,Ірина,Олександрівна,Жіноча,1968-01-20,Ріелтор,хутір Болград,"сквер Лінія 24-та, буд. 99",+380 04 967 16 22,klyment88@example.com
Гаврилюк,Святослав,Вікторович,Чоловіча,1963-08-17,Мірошник,селище Волноваха,"вулиця Мазепи Івана, буд. 1 кв. 12",+380 98 894-54-83,iefrem00@example.com
Гаврилишин,Оксана,Богданівна,Жіноча,1960-02-14,Клавішник,місто Винники,"узвіз Володі Дубініна, буд. 079",+380 (46) 439-34-53,aleksiichukhordii@example.com
Єрченко,Владислав,Ярославович,Чоловіча,2007-08-20,Ді-джей,місто Тиврів,"набережна Прохоровський, буд. 4",008 896 60 75,demianhunko@example.com
Забіла,Антон,Анатолійович,Чоловіча,2011-10-05,Редактор,хутір Носівка,"площа Травневий 5-й, буд. 57 кв. 781",+380 11 101-78-03,boryslavkolodub@example.net
Шутько,Любов,Богданівна,Жіноча,1949-08-25,Архітектор,місто Привілля,"провулок Виїзна, буд. 40 кв. 11",+380 82 508-70-59,hennadii94@example.org
Яремків,Ярема,Анатолійович,Чоловіча,1997-02-21,Маркетолог,село Біла Церква,"сквер Лінія 26-та, буд. 9 кв. 05",267 25 43,lutsenkovarvara@example.com
Алексійчук,Амалія,Анатоліївна,Жіноча,1983-01-13,Ювелір,селище Подільськ,"шосе Путьова, буд. 339 кв. 96",+380 (39) 062-32-30,darynalupii@example.com
Воблий,Ігнат,Петрович,Чоловіча,1981-08-03,Дипломат,хутір Святогірськ,"вулиця Ключовий 2-й, буд. 9",944-43-14,oberemkobohdanna@example.net
Ґереґа,Михайло,Тарасович,Чоловіча,2006-07-09,Флорист,хутір Гребінка,"вулиця Євгена Крамаренка, буд. 2 кв. 3",+380 (06) 757-48-24,geregaarkadii@example.net
Гавришкевич,Амалія,Олександрівна,Жіноча,1983-02-02,Фольклорист,хутір Золочів,"шосе Миколи Боровського, буд. 43",159 66 99,dmytro12@example.net
Оробець,Варвара,Миколаївна,Жіноча,1998-01-21,Дантист,селище Кам'янка-Бузька,"площа Балтський 5-й, буд. 48",+380 (48) 059-52-89,ttovstukha@example.org
Дробаха,Мілена,Євгенівна,Жіноча,2011-01-19,Кінокритик,селище Новоазовськ,"вулиця Рівності, буд. 59 кв. 5",+380 99 805 65 54,khrystenkoleontii@example.net
Вітер,Юстина,Сергіївна,Жіноча,1973-05-22,Хореограф,хутір Дебальцеве,"шосе Рівний, буд. 041",+380 07 614 14 23,halynaandroshchuk@example.org
Артим,Ярема,Михайлович,Чоловіча,1988-02-05,Ювелір,місто Соледар,"узвіз Пересипська 9-та, буд. 901 кв. 062",+380 36 360 24 96,bevzprokhir@example.org
Терещук,Спас,Миколайович,Чоловіча,2007-07-06,Медик,селище Ніжин,"узвіз Дачний 2-й, буд. 7",227 35 87,whabelko@example.net
Литвиненко,Хома,Андрійович,Чоловіча,1975-02-07,Програміст,хутір Лозова,"сквер Зої Пасічної, буд. 6",054 497 88 22,amaliia90@example.net
Лубенець,Маруся,Анатоліївна,Жіноча,1958-11-06,Випробувач,село Хрустальний,"узвіз Морський 2-й, буд. 2 кв. 73",+380 (53) 585-92-12,shapovalmilena@example.com
Шаблій,Демид,Петрович,Чоловіча,2004-05-05,Єгер,хутір Острог,"провулок Опішнянський, буд. 9",026 837 06 72,esahal@example.com
Деревʼянко,Богодар,Сергійович,Чоловіча,1985-09-10,Редактор,село Залізне,"набережна Чорноморська, буд. 543 кв. 72",+380 84 594-63-79,adalemeshko@example.net
Тарасенко,Дарина,Михайлівна,Жіноча,1958-07-27,Правник,місто Ужгород,"парк Олега Андрійця, буд. 429",+380 01 736-15-85,arsen51@example.net
Дзюба,Макар,Тарасович,Чоловіча,1969-03-07,Музикознавець,селище Новодружеськ,"сквер Майка Йогансена, буд. 791 кв. 125",226-34-79,orlykleonid@example.org
Матяш,Хома,Михайлович,Чоловіча,1981-11-10,Кушнір,хутір Алушта,"вулиця Кишинівська, буд. 73",+380 (13) 949-03-32,zakharchenkosemen@example.net
Архипенко,Клавдія,Євгенівна,Жіноча,1947-10-27,Астронавт,місто Сокологірськ,"провулок Пересипська 6-та, буд. 3 кв. 955",069 692 72 67,kharchenkohryhorii@example.com
Макогон,Остап,Богданович,Чоловіча,2004-06-03,Ґрунтознавець,село Токмак,"вулиця Трусовська, буд. 776 кв. 8",+380 51 795 88 81,hresmyron@example.org
Гаврилишин,Варвара,Володимирівна,Жіноча,1952-10-27,Штукатур,хутір Кипуче,"площа Березова, буд. 83 кв. 10",+380 75 493 84 62,omelian55@example.org
Деркач,Богдан,Анатолійович,Чоловіча,1959-07-27,Психолог,село Ланівці,"проспект Авіаторів, буд. 382 кв. 445",796 41 86,clazarenko@example.org
Свистун,Августин,Романович,Чоловіча,1984-08-10,Ветеринар,селище Немирів,"парк Лінія 33-тя, буд. 13",+380 45 705-46-58,adzhun@example.com
Чумаченко,Тетяна,Григорівна,Жіноча,1993-05-21,Швачка,село Ірміно,"площа Академіка Корольова, буд. 6 кв. 313",+380 86 515-05-41,danylenkozlatoslava@example.com
Затовканюк,Дан,Тарасович,Чоловіча,2008-06-10,Хімік,село Севастополь,"проспект Академіка Богатського, буд. 1",607 47 32,varvarabandura@example.net
Вергун,Леон,Дмитрович,Чоловіча,1988-10-06,Клавішник,хутір Ківерці,"сквер Іванівський переїзд, буд. 98 кв. 1",+380 92 413-87-89,vitrukiaryna@example.com
Назаренко,Марта,Юріївна,Жіноча,2001-07-29,Підприємець,хутір Путивль,"сквер Старорізнична, буд. 56",+380 (43) 127-40-06,sheremetamykhailo@example.org
Перебийніс,Мирослав,Володимирович,Чоловіча,1971-01-15,Різноробочий,село Марганець,"вулиця Лінія 53-тя, буд. 094",084 486 58 72,nosenkoopanas@example.org
Христенко,Тереза,Степанівна,Жіноча,1997-07-23,Пекар,село Новодружеськ,"шосе Матеріальний 1-й, буд. 2 кв. 24",685 27 24,tsymbalazar@example.org
Рубець,Марта,Володимирівна,Жіноча,1979-03-05,Кур'єр,селище Євпаторія,"проспект Бахчисарайська, буд. 445",124 27 71,kvatamaniuk@example.net
Дробаха,Богуслав,Григорович,Чоловіча,1949-07-05,Кушнір,місто Кролевець,"узвіз Дунайська, буд. 24 кв. 62",+380 62 738-45-70,odarkarak@example.net
Захарченко,Віталій,Володимирович,Чоловіча,1975-07-20,Водій,селище Берестечко,"провулок Елеваторна, буд. 772 кв. 55",908 79 69,pvanchenko@example.net
Гузенко,Остап,Богданович,Чоловіча,1979-04-14,Правник,місто Соснівка,"площа Травневий 1-й, буд. 528 кв. 4",045 829-39-59,valeriikharchenko@example.com
Шелест,Павло,Сергійович,Чоловіча,1984-07-17,Публіцист,хутір Білгород-Дністровський,"проспект Привокзальна, буд. 078",120-41-58,heorhiidavydenko@example.org
Шахрай,Наталія,Григорівна,Жіноча,1985-06-10,Правник,місто Благовіщенське,"набережна Героїв Небесної Сотні, буд. 95",044 637-04-98,levkodashenko@example.org
Христич,Гаврило,Степанович,Чоловіча,1982-04-22,Піаніст,місто Рудки,"площа Джутовий, буд. 82",+380 85 016 86 16,amaliia68@example.net
Дзиндра,Алла,Юріївна,Жіноча,1962-11-09,Геолог,селище Білгород-Дністровський,"провулок Жолкова Бориса, буд. 359",050 588 44 54,levko12@example.com
Чубай,Устим,Анатолійович,Чоловіча,1961-01-09,Кінолог,село Барвінкове,"набережна Водопровідна, буд. 29",+380 40 933-73-29,kdeineka@example.net
Ажажа,Оксенія,Іванівна,Жіноча,1997-10-14,Випробувач,місто Глухів,"проспект Остапа Вишні, буд. 303 кв. 5",+380 90 442 10 33,tykhaodarka@example.net
Масляк,Євген,Богданович,Чоловіча,1980-08-02,М'ясник,місто Сніжне,"провулок Орликова, буд. 98",818-77-29,vasyl57@example.org
Атаманчук,Давид,Ярославович,Чоловіча,1975-11-18,Бібліограф,селище Горлівка,"набережна Данила Самойловича, буд. 094 кв. 8",022 989-89-00,sofiiababychenko@example.com
Романенко,Борислав,Ярославович,Чоловіча,1975-02-21,Ботанік,хутір Бобринець,"сквер Парусна, буд. 418 кв. 1",+380 68 665-94-54,czhuravel@example.net
Авдєєнко,Пріска,Ярославівна,Жіноча,1993-03-03,Кушнір,селище Ніжин,"сквер Лютнева, буд. 78",+380 95 321 81 54,arkadiizinkevych@example.org
Дейсун,Юстим,Юрійович,Чоловіча,2003-02-01,Гірничий інженер,село Павлоград,"узвіз Золотий берег, буд. 327 кв. 7",872 24 50,rpetrenko@example.net
Гавриленко,Емілія,Михайлівна,Жіноча,1999-03-09,Антрополог,хутір Новоград-Волинський,"проспект Партизанської слави, буд. 244 кв. 0",641-06-19,kdatsiuk@example.org
Бандера,Світлана,Юріївна,Жіноча,1965-06-17,Педагог,хутір Кальміуське,"парк 13-та ст. Великого Фонтану пляж, буд. 6 кв. 9",043 902-15-30,onufriienkoviktoriia@example.org
Овсієнко,Павло,Тарасович,Чоловіча,1993-12-13,Хімік,хутір Рені,"парк Лінія 24-та, буд. 5",+380 82 703-13-60,spasdubas@example.net
Вакарчук,Демид,Сергійович,Чоловіча,1968-08-25,Педагог,хутір Здолбунів,"парк Чернишевського, буд. 0",+380 (88) 629-03-38,tkanivets@example.net
Фартушняк,Опанас,Богданович,Чоловіча,1989-07-16,Мікробіолог,село Сміла,"проспект Проектна 2-га, буд. 817 кв. 061",045 721-64-22,orysia74@example.com
Засуха,Олександр,Тарасович,Чоловіча,2010-02-07,Електрик,хутір Бобринець,"провулок Ігоря Бедзая, буд. 6 кв. 96",036 373 76 72,ishchakpanteleimon@example.com
Царенко,Олекса,Богданович,Чоловіча,1964-08-19,Ґрунтознавець,село Почаїв,"узвіз Наявний 2-й, буд. 05",502-73-73,khrystynabandera@example.net
Стельмах,Ілля,Богданович,Чоловіча,1976-05-24,Журналіст,селище Лутугине,"площа 1-ша Лінія Марії Демченко, буд. 88 кв. 6",336 01 25,marusiazatula@example.net
Алексеєнко,Петро,Степанович,Чоловіча,1993-07-05,Секретар,село Луганськ,"шосе Отонівський, буд. 0",+380 77 993-56-08,kchupryna@example.net
Чуприна,Едуард,Григорович,Чоловіча,1968-04-15,Фотограф,хутір Корець,"вулиця Лінія 55-та, буд. 50 кв. 03",751-23-09,oleksandr16@example.com
Авдєєнко,Лариса,Степанівна,Жіноча,2009-04-15,Диригент,хутір Вільнянськ,"вулиця Колонтаївська, буд. 0 кв. 7",+380 56 734 91 64,boleslav96@example.net
Калениченко,Марта,Тарасівна,Жіноча,2003-03-10,Ботанік,місто Вижниця,"набережна Геологічна, буд. 4 кв. 044",+380 88 544-22-82,qnestaiko@example.net
Кириленко,Орина,Іванівна,Жіноча,1962-03-16,Астрофізик,селище Дубно,"площа Угорська, буд. 76",+380 32 450-48-02,zubkoavrelii@example.net
Власенко,Георгій,Іванович,Чоловіча,1961-05-20,Петрограф,місто Карлівка,"узвіз Палія Семена, буд. 262 кв. 553",+380 19 172-45-51,svitlana56@example.net
Фаренюк,Макар,Олегович,Чоловіча,1984-12-06,Промисловець,хутір Сновськ,"вулиця Поштова, буд. 74",982-89-90,chornovildemyd@example.org
Єременко,Анастасія,Сергіївна,Жіноча,1998-02-06,Шериф,місто Одеса,"узвіз Канатний, буд. 07 кв. 2",003 144 35 93,sishchenko@example.org
Гаєвська,Емілія,Михайлівна,Жіноча,2005-06-11,Живописець,місто Білогірськ,"парк Василя Кандинського 3-й, буд. 16",042 699-40-66,dzyndrakyrylo@example.com
Акименко,Алла,Петрівна,Жіноча,1966-08-08,Письменник,місто Коростень,"проспект Золотий берег, буд. 968 кв. 871",+380 14 827 60 55,aaron27@example.net
Кириленко,Любов,Григорівна,Жіноча,1983-09-17,Медик,селище Новодружеськ,"сквер Лиманчик 2-й Лінія 4-та, буд. 72 кв. 16",+380 46 842 28 83,abrahamovskyiboleslav@example.net
Заєць,Ілля,Романович,Чоловіча,2008-08-09,Випробувач,місто Світлодарськ,"сквер Пантелеймонівська, буд. 5",+380 (87) 057-93-82,onysym18@example.com
Ященко,Назар,Григорович,Чоловіча,1955-07-23,Модель,хутір Севастополь,"парк Краснослобідський, буд. 82 кв. 617",065 064-47-09,yustenko@example.com
Баранник,Лукʼян,Анатолійович,Чоловіча,1959-05-30,Модельєр,село Прип'ять,"набережна Ізмаїльська, буд. 05",021 877 60 43,ihnat58@example.net
Вертипорох,Пріска,Сергіївна,Жіноча,1996-08-06,Кінорежисер,селище Роздільна,"набережна Юрія Олеші, буд. 33",+380 (62) 734-86-88,larysa05@example.org
Чубай,Охрім,Максимович,Чоловіча,1958-10-21,Клоун,хутір Дунаївці,"проспект Заводська, буд. 7",+380 04 737-42-54,tpavlychenko@example.net
Свистун,Аркадій,Ярославович,Чоловіча,1970-01-23,Агроном,хутір Болград,"вулиця Шостої 1-й, буд. 098",077 026-89-54,lahodastanislav@example.org
Тиха,Аліна,Петрівна,Жіноча,1979-11-05,Драматург,хутір Добропілля,"проспект Неплія, буд. 108 кв. 617",+380 39 219-23-33,orysiastelmakh@example.net
Удовиченко,Аврелій,Олегович,Чоловіча,2005-12-17,Бізнесмен,місто Заставна,"провулок Кузнечна, буд. 22",071 622-71-96,lvenhrynovych@example.com
Микитюк,Борис,Максимович,Чоловіча,2002-09-16,Диригент,село Чортків,"площа Небесної Сотні, буд. 99",+380 15 719-25-73,shvachkabohuslava@example.com
Ващук,Алла,Богданівна,Жіноча,2006-12-11,Євнух,селище Жовті Води,"шосе Професора Коровицького, буд. 79",+380 70 704-19-30,shcherbakmarta@example.net
Скорик,Святослава,Григорівна,Жіноча,1977-07-14,Футболіст,хутір Щолкіне,"набережна Пісочний, буд. 4",+380 65 676-46-52,vasylyna10@example.net
Олійник,Розалія,Вікторівна,Жіноча,2001-10-28,Стропальник,селище Гола Пристань,"шосе Світанку, буд. 38",054 871 62 41,feofan74@example.net
Ковалюк,Роман,Дмитрович,Чоловіча,1954-09-16,Локсмайстер,село Кілія,"сквер Лінія 22-га, буд. 488",+380 77 390-70-24,iustym32@example.org
Шеремета,Юхим,Володимирович,Чоловіча,1971-06-22,Математик,селище Узин,"узвіз Долинська, буд. 9",912-69-05,les54@example.org
Алексюк,Дмитро,Миколайович,Чоловіча,1990-10-23,Сценарист,село Івано-Франківськ,"провулок Травневий 4-й, буд. 149 кв. 9",033 283-11-08,riabchenkoirena@example.org
Цюцюра,Михайло,Степанович,Чоловіча,1950-10-02,Електромонтер,селище Південне,"узвіз Гранатна, буд. 7",+380 37 451 93 54,drozdnataliia@example.com
Ісаєвич,Устим,Михайлович,Чоловіча,1990-07-09,Бібліограф,селище Коростишів,"узвіз Аеропортівський 4-й, буд. 73 кв. 852",012 008-50-61,anton33@example.org
Луценко,Георгій,Михайлович,Чоловіча,1986-01-19,Круп'є,селище Тетіїв,"провулок Карантинна, буд. 1 кв. 891",+380 83 052 99 82,akulenkofrants@example.net
Дейсун,Теодор,Васильович,Чоловіча,1968-09-06,Стиліст,хутір Городище,"площа Сьома, буд. 101",896-82-82,arseniakymenko@example.org
Асаула,Веніямин,Євгенович,Чоловіча,2007-05-27,Випробувач,село Звенигородка,"набережна Зелена гірка, буд. 51 кв. 294",357 22 35,volodymyr96@example.org
Бабійчук,Симон,Петрович,Чоловіча,1947-10-06,Електротехнік,селище Гуляйполе,"узвіз Перша, буд. 8 кв. 5",090 702 71 60,perebyiniseduard@example.org
Акуленко,Пантелеймон,Сергійович,Чоловіча,1982-05-02,Вчитель,хутір Горішні Плавні,"вулиця Пересипський узвіз, буд. 219 кв. 84",374-72-32,alla24@example.com
Франчук,Валентина,Василівна,Жіноча,1982-09-17,Краєзнавець,місто Мукачево,"набережна Сирітський 2-й, буд. 7 кв. 45",+380 18 379 72 53,matviienkovalerii@example.com
Кабалюк,Микита,Васильович,Чоловіча,1952-12-06,Промисловець,село Часів Яр,"узвіз Садова 2-га, буд. 978 кв. 84",+380 (52) 340-63-99,liudmyla97@example.net
Орлик,Хома,Максимович,Чоловіча,1984-12-23,Каскадер,село Гайворон,"сквер Прорізний, буд. 544",+380 45 843-44-60,boleslavcherinko@example.net
Ткаченко,Ярема,Сергійович,Чоловіча,2003-03-19,Актор,село Олександрівськ,"шосе Кременецький, буд. 154",244-62-30,vernyhoraihnat@example.org
Базилевський,Вадим,Васильович,Чоловіча,2007-10-27,Журналіст,село Маріуполь,"шосе Коцюбинського, буд. 59 кв. 3",093 588-05-43,huzalbina@example.com
Базилевська,Ганна,Сергіївна,Жіноча,1958-03-22,Історик,місто Дергачі,"узвіз Виноградна 3-тя, буд. 7",040 912 85 75,bohdanna00@example.com
Худобʼяк,Орест,Вікторович,Чоловіча,1958-08-27,Хореограф,село Лутугине,"узвіз Дача Ковалевського, буд. 3",009 561-31-48,dashenkoalla@example.com
Бездітко,Гліб,Богданович,Чоловіча,1978-12-25,Промисловець,селище Амвросіївка,"набережна Чубаївський, буд. 33",076 137-17-25,iaroslava09@example.net
Юрчук,Віра,Максимівна,Жіноча,1988-03-13,Швачка,селище Тернопіль,"проспект Мостовий, буд. 075 кв. 1",307 53 40,artemsachenko@example.net
Дуплій,Мирослав,Богданович,Чоловіча,1999-09-03,Шериф,селище Джанкой,"сквер Сашка Хорошенка, буд. 075",+380 16 512-94-40,derehusiustym@example.net
Лазаренко,Віталій,Миколайович,Чоловіча,1946-09-20,Історик,хутір Острог,"шосе Кордонна, буд. 4",+380 52 467 72 13,tymofiiiatseniuk@example.org
Оніщук,Еріка,Тарасівна,Жіноча,1970-03-13,Редактор,селище Гірське,"провулок Осипова, буд. 359 кв. 57",006 160-55-83,rudkoadam@example.org
Ващук,Варфоломій,Богданович,Чоловіча,1964-01-22,Секретар,хутір Луцьк,"площа Обліпихова, буд. 5",068 301 26 34,derhachhennadii@example.com
Уманець,Марко,Максимович,Чоловіча,1956-06-13,Кушнір,селище Горлівка,"проспект Манежний, буд. 27 кв. 49",+380 90 285 83 12,leopold21@example.com
Шеремета,Орися,Володимирівна,Жіноча,1952-09-30,Геофізик,хутір Ладижин,"площа Інглезі, буд. 3",039 812 71 17,nzaika@example.com
Семенченко,Ігнат,Володимирович,Чоловіча,1951-12-23,Кіноактор,селище Хмільник,"площа Косий, буд. 77",+380 76 932-44-33,birvanets@example.net
Гупало,Арсен,Степанович,Чоловіча,2010-03-01,Інженер,хутір Нікополь,"сквер Академіка Ясиновського, буд. 70",+380 65 748-78-57,ldemianenko@example.net
Кириленко,Леон,Петрович,Чоловіча,1946-09-13,Програміст,хутір Тетіїв,"шосе Героїв Зміїного, буд. 8",792 06 52,milena02@example.org
Сірченко,Панас,Михайлович,Чоловіча,2010-03-15,Штукатур,хутір Лозова,"узвіз Семена Яхненка, буд. 32",006 539-79-14,heorhii85@example.org
Черінько,Юхим,Григорович,Чоловіча,1979-12-10,Вчитель,селище Рубіжне,"набережна Полтавська, буд. 35",+380 (27) 477-28-38,mpetliura@example.net
Цимбал,Едита,Олегівна,Жіноча,2005-08-10,Кінорежисер,селище Городище,"провулок Естонська, буд. 01",+380 (93) 557-59-07,zsheremet@example.com
Фартушняк,Веніямин,Сергійович,Чоловіча,1974-03-18,Графік,хутір Моршин,"набережна Віталія Нестеренка, буд. 710 кв. 68",571 37 41,qnalyvaiko@example.org
Єрченко,Світлана,Дмитрівна,Жіноча,1946-03-05,Археолог,селище Херсон,"проспект Аеродромний 3-й, буд. 53",+380 60 076-20-61,szhaivoron@example.net
Примаченко,Борис,Романович,Чоловіча,1966-02-03,Режисер,селище Запоріжжя,"провулок Отамана Чепіги, буд. 4 кв. 79",024 142 54 91,zakhar32@example.org
Артимович,Ярема,Михайлович,Чоловіча,1953-01-27,Швачка,село Миргород,"сквер Академіка Філатова, буд. 668 кв. 21",+380 (39) 371-73-78,venhrynovychihnat@example.net
Іванченко,Олена,Олександрівна,Жіноча,1993-10-21,Мікробіолог,селище Рівне,"вулиця Чернівецький, буд. 300 кв. 0",+380 09 451-91-42,shchorsteodor@example.com
Гузій,Христина,Петрівна,Жіноча,1976-06-08,Мірошник,хутір Жмеринка,"парк 6-та Лінія 6-й ст. Люстдорфської дороги, буд. 4 кв. 58",+380 (82) 036-95-00,babarychenkoiryna@example.com
Жадан,Герман,Юрійович,Чоловіча,2004-08-01,Будник,селище Київ,"шосе Глиняна, буд. 8 кв. 0",+380 (89) 138-85-90,oles77@example.net
Венгринович,Мирослав,Тарасович,Чоловіча,2009-09-23,Фотограф,село Новий Буг,"площа Сосюри, буд. 06 кв. 546",037 713 39 55,lemeshkomykyta@example.net
Пустовіт,Захар,Ярославович,Чоловіча,1973-11-16,Юрист,село Курахове,"проспект Лиманчик 2-й Лінія 11-та, буд. 095 кв. 003",342 01 54,hrechkovarfolomii@example.com
Алексеєнко,Адам,Олегович,Чоловіча,2007-03-30,Математик,селище Феодосія,"сквер Щіпний, буд. 66",460-50-75,lukiandotsenko@example.net
Ємець,Пармен,Євгенович,Чоловіча,2001-08-27,Фермер,село Алчевськ,"вулиця Ювілейний 1-й, буд. 5",+380 (70) 025-39-04,levko78@example.org
Ісаєнко,Богодар,Богданович,Чоловіча,1981-09-12,Гірник,село Почаїв,"проспект 6-та Лінія Марії Демченко, буд. 4",200 22 09,zsirko@example.net
Михайлюк,Веніямин,Михайлович,Чоловіча,1950-07-09,Хімік,селище Вилкове,"площа Грушева, буд. 34",056 039 22 34,maryna19@example.org
Запорожець,Орина,Ярославівна,Жіноча,1993-05-27,Графік,село Федорівка,"проспект Альтовий, буд. 037 кв. 21",+380 (33) 537-97-51,vitrukprokhir@example.net
Удовиченко,Нестор,Олександрович,Чоловіча,1980-02-08,Електромонтажник,селище Тульчин,"провулок Трибуни героїв, буд. 26 кв. 9",+380 66 417-90-61,artempavlychenko@example.org
Байдак,Володимира,Володимирівна,Жіноча,1955-09-12,Професор,селище Ясинувата,"шосе Виноградна, буд. 639 кв. 1",870-71-20,hermanartemenko@example.net
Гаврилишина,Роксолана,Сергіївна,Жіноча,1969-07-25,Громадський діяч,хутір Андрушівка,"вулиця Студентський, буд. 913 кв. 7",+380 (01) 955-93-29,havryletsazar@example.net
Вишняк,Симон,Євгенович,Чоловіча,1960-11-25,Кухар,хутір Підгайці,"проспект Садовського, буд. 30",096 108 26 76,edanylchuk@example.net
Джус,Онисим,Сергійович,Чоловіча,1978-08-22,Біолог,місто Балаклія,"парк Чернігівський, буд. 5 кв. 994",535 67 05,rozaliiamishchenko@example.org
Абрагамовський,Станіслав,Андрійович,Чоловіча,2002-05-23,Намотувальник,село Старий Крим,"вулиця Берегова, буд. 8 кв. 2",946 28 40,parmenaleksandrenko@example.com
Гаврилишин,Ростислав,Анатолійович,Чоловіча,2005-11-14,Графік,хутір Самар,"парк Липнева, буд. 58",+380 (72) 142-40-60,azar44@example.net
Абрагамовський,Алевтин,Сергійович,Чоловіча,1997-04-25,Інженер,село Щолкіне,"парк Дорбуду, буд. 51 кв. 7",082 043-35-23,ydemianenko@example.net
Шеремета,Василь,Євгенович,Чоловіча,1984-04-18,Гінеколог,хутір Нововолинськ,"площа Мазепи Івана, буд. 93",475 15 26,anzhela20@example.org
Власюк,Назар,Степанович,Чоловіча,2003-02-20,Акушер,селище Ямпіль,"узвіз Деволанівський узвіз, буд. 679",+380 (77) 906-40-36,solomiiavashchenko@example.org
Алексійчук,Венедикт,Андрійович,Чоловіча,2000-07-28,М'ясник,село Гірське,"провулок Об'їзна дорога, буд. 90 кв. 915",+380 (13) 357-00-38,svitlanadrobakha@example.com
Ющенко,Віолетта,Іванівна,Жіноча,1997-03-10,Гінеколог,місто Коростень,"сквер Проїзний 2-й, буд. 48",+380 51 787 92 85,vitaliivakhnii@example.net
Шухевич,Наталія,Сергіївна,Жіноча,1976-02-09,Петрограф,село Монастирище,"провулок Сінна, буд. 9 кв. 8",032 208-28-64,martynivanchenko@example.org
Вахній,Богуслава,Миколаївна,Жіноча,2008-08-10,Складальник,місто Южне,"площа Сумський, буд. 821",+380 (29) 657-67-42,zynoviisych@example.net
Талан,Галина,Миколаївна,Жіноча,1985-04-13,Парфюмер,селище Вишгород,"шосе Дерибасівська, буд. 88 кв. 8",945 58 54,knosachenko@example.org
Лисенко,Вʼячеслав,Вікторович,Чоловіча,2006-08-09,Кінорежисер,селище Чорнобиль,"набережна Довженка, буд. 114",712-93-80,zlatoslavazabara@example.net
Абрамчук,Ганна,Ярославівна,Жіноча,2002-04-12,Педагог,хутір Миколаївка,"площа Сабанський, буд. 109",633-54-73,iukhymtsarenko@example.com
Бабенко,Гордій,Богданович,Чоловіча,1953-03-09,Бібліограф,селище Городня,"вулиця Жаботинського, буд. 7",172-01-72,hdevdiuk@example.org
Ющенко,Анастасія,Богданівна,Жіноча,1950-06-20,Антрополог,селище Молочанськ,"провулок Персикова, буд. 164",+380 55 814-50-55,lytvynanita@example.net
Журба,Павло,Олександрович,Чоловіча,1954-03-06,Мистецтвознавець,хутір Заліщики,"сквер Художника Федорова, буд. 92",893 25 49,poltavetsiukhym@example.com
Теліженко,Владислав,Ярославович,Чоловіча,1972-11-03,Правник,хутір Кілія,"сквер Чернігівська, буд. 527",+380 54 845-20-49,pustovitazar@example.com
Дробʼязко,Михайлина,Миколаївна,Жіноча,1973-12-12,Правник,хутір Коростишів,"узвіз Леся Курбаса, буд. 96",400 08 76,veresmykyta@example.com
Хмара,Назар,Вікторович,Чоловіча,1982-09-04,Хореограф,місто Золоте,"набережна Біржова, буд. 3 кв. 9",+380 47 857 91 77,tykhyiiaroslav@example.org
Іщак,Симон,Богданович,Чоловіча,1968-01-30,Бібліограф,село Запоріжжя,"сквер Гімназична, буд. 6",+380 72 358-38-09,veniiamynbaida@example.net
Гупало,Стефан,Ярославович,Чоловіча,1999-02-07,Стоматолог,місто Вилкове,"набережна Дельфін, буд. 075 кв. 091",031-23-70,taransnizhana@example.com
Скопенко,Григорій,Ярославович,Чоловіча,1951-09-30,Ріелтор,селище Добромиль,"шосе Міцкевича, буд. 69 кв. 6",093 190 67 84,stelmakhpriska@example.net
Чарниш,Нестор,Максимович,Чоловіча,1997-07-04,Петрограф,село Коростишів,"вулиця Овідіопольський, буд. 2",+380 06 449-66-30,zhaivoronbohuslava@example.com
Венгринович,Сергій,Романович,Чоловіча,1963-05-19,Шериф,село Світлодарськ,"набережна Березова, буд. 3",+380 67 384 35 47,iermolenkoandrii@example.net
Перебийніс,Ольга,Іванівна,Жіноча,1953-12-27,Економіст,місто Берегове,"площа Перша, буд. 4 кв. 4",052 887-26-53,siukhymenko@example.net
Їжакевич,Віталій,Андрійович,Чоловіча,1967-08-15,Вчитель,хутір Тетіїв,"набережна Георгія Гамова, буд. 61",293 89 27,havryshkevychartem@example.com
Забарний,Леонід,Іванович,Чоловіча,1980-02-15,Правник,хутір Нікополь,"парк Андрія Гулого-Гуленка, буд. 54 кв. 1",+380 (56) 087-29-00,pshchors@example.org
Вернигора,Леонтій,Дмитрович,Чоловіча,1998-04-22,Піаніст,селище Виноградів,"шосе Онілової, буд. 171 кв. 39",068 014 69 98,danna72@example.net
Малик,Софія,Юріївна,Жіноча,1983-08-07,Ботанік,хутір Кіцмань,"набережна Степна, буд. 6 кв. 7",099 006 09 28,markoabramenko@example.com
Ковалюк,Михайло,Максимович,Чоловіча,1971-08-31,Шериф,село Кремінна,"шосе Скрипковий, буд. 878",054 558-91-45,mpalii@example.net
Гунько,Йосип,Дмитрович,Чоловіча,2007-08-05,Художник,хутір Херсон,"провулок Соляний 7-й, буд. 9",+380 27 420-23-66,anastasiia95@example.com
Башполченко,Ілля,Юрійович,Чоловіча,1961-08-25,Астрофізик,село Решетилівка,"шосе Депутатський, буд. 7",+380 22 808 93 84,zilchenko@example.com
Ґжицький,Прохір,Євгенович,Чоловіча,2008-02-18,Конструктор,місто Гола Пристань,"площа Миколи Бурачека, буд. 3",+380 40 821-58-69,viacheslav98@example.com
Міщенко,Розалія,Юріївна,Жіноча,2010-10-20,Продюсер,село Корюківка,"парк Палія Семена, буд. 5",592 84 66,bbabych@example.org
Філіпенко,Азар,Юрійович,Чоловіча,1990-09-06,Паралегал,селище Пирятин,"узвіз Лінія 38-ма, буд. 251",+380 44 359 51 51,emiliianazarenko@example.com
Заєць,Галина,Василівна,Жіноча,1966-10-28,Краєзнавець,місто Житомир,"провулок Ключовий 1-й, буд. 3 кв. 76",+380 27 454 31 79,iukhym95@example.org
Верес,Степан,Григорович,Чоловіча,1980-03-10,Конструктор,хутір Немирів,"набережна Лузанівський, буд. 2 кв. 083",+380 17 754-71-42,orobetsmariia@example.com
Архимович,Устим,Тарасович,Чоловіча,1951-11-10,Головний меркшейдер,хутір Великі Мости,"узвіз Сергія Параджанова, буд. 0",075 819-64-45,adamchekaliuk@example.org
Притула,Пріска,Романівна,Жіноча,1981-05-26,Біолог,місто Тальне,"проспект Яна Длугоша, буд. 55 кв. 9",+380 (61) 695-32-20,olenatsymbaliuk@example.net
Тягнибок,Борис,Ярославович,Чоловіча,1985-01-23,Гінеколог,хутір Балта,"сквер Анатолія Бачинського, буд. 6",044 430 46 50,kybkalookhrim@example.net
Іваничук,Ілля,Тарасович,Чоловіча,1986-12-26,Сантехнік,село Богодухів,"площа Ольги Благовидової, буд. 0",+380 17 915-17-16,jzhuchenko@example.net
Їжакевич,Святослава,Анатоліївна,Жіноча,1988-12-21,Сантехнік,село Кагарлик,"площа Майка Йогансена, буд. 50 кв. 93",460 53 70,bohuslavkopytko@example.org
Іванченко,Гаврило,Сергійович,Чоловіча,2006-05-11,Бухгалтер,село Ічня,"шосе Травневий 4-й, буд. 587 кв. 01",+380 28 110 20 23,dpavlenko@example.org
Андрощук,Анжела,Сергіївна,Жіноча,1969-08-22,Ветеринар,селище Галич,"провулок Тупиковий 1-й, буд. 375 кв. 99",+380 (42) 573-86-26,ievhenbabiuk@example.com
Башполченко,Ганна,Володимирівна,Жіноча,2010-03-05,Кінорежисер,селище Вишневе,"проспект Отрадна, буд. 8 кв. 198",042 771-09-85,iesypenkoleopold@example.com
Абрагамовська,Вікторія,Ярославівна,Жіноча,2008-08-11,Хореограф,селище Вознесенівка,"проспект Кам’янецький, буд. 638 кв. 3",059 180 62 30,pavlovlokh@example.net
Гриценко,Наталія,Максимівна,Жіноча,1970-07-03,Євнух,село Могилів-Подільський,"провулок Багрицького, буд. 13 кв. 4",+380 13 909-17-93,cvakarchuk@example.org
Шило,Сергій,Анатолійович,Чоловіча,1997-12-02,Підприємець,село Голубівка,"проспект Водопровідний 3-й, буд. 1 кв. 8",+380 13 005-90-89,okhrim63@example.org
Лаба,Леон,Петрович,Чоловіча,1995-11-12,Бізнесмен,місто Благовіщенське,"проспект Новопланівська, буд. 413",+380 32 990 73 34,arkadii06@example.com
Демʼянюк,Ростислав,Юрійович,Чоловіча,1960-07-11,Астронавт,хутір Лутугине,"провулок Моторний 3-й, буд. 989 кв. 4",143 40 64,romanchukiosyp@example.org
Ємельяненко,Арсен,Миколайович,Чоловіча,1969-03-06,Пілот,село Жашків,"проспект Тополиний, буд. 3",000 027-64-96,vasylenkonataliia@example.net
Непорожній,Наталія,Євгенівна,Жіноча,1998-04-26,Няня,село Донецьк,"площа Маловського, буд. 9 кв. 88",751 52 53,sachenkoparmen@example.org
Бгиденко,Соломон,Миколайович,Чоловіча,1958-07-16,Програміст,хутір Турка,"провулок Головківська, буд. 384 кв. 4",156 73 69,khrystyna21@example.com
Медведенко,Ярослава,Анатоліївна,Жіноча,1971-08-14,Астроном,село Хрестівка,"вулиця Моторний 3-й, буд. 5",+380 (72) 009-65-94,ltychyna@example.net
Шевченко,Едуард,Дмитрович,Чоловіча,2003-10-19,Бухгалтер,селище Южне,"парк Танкерна, буд. 8 кв. 64",139 13 02,dsavenko@example.org
Бакуменко,Володимира,Олександрівна,Жіноча,1991-05-23,Прокурор,селище Алчевськ,"провулок Госпітальєрів, буд. 33",+380 10 617-40-12,amaliiavlasiuk@example.net
Кириленко,Віктор,Олегович,Чоловіча,1961-09-27,Скульптор,хутір Новодружеськ,"парк Єфімова, буд. 088 кв. 9",678-46-37,varfolomii98@example.com
Корпанюк,Аліна,Дмитрівна,Жіноча,2009-07-21,Художник,селище Ковель,"провулок Сергія Шелухина, буд. 3 кв. 73",+380 05 435 53 64,lukian85@example.org
Наливайко,Тетяна,Максимівна,Жіноча,1998-06-20,Підприємець,селище Красноперекопськ,"проспект Маковий, буд. 9",+380 17 458 05 30,snizhana73@example.com
Бабак,Сергій,Іванович,Чоловіча,1955-02-09,М'ясник,селище Алушта,"сквер Пісочний, буд. 316 кв. 30",+380 51 761-92-99,aaronvashchuk@example.net
Корпанюк,Макар,Володимирович,Чоловіча,2005-11-17,Піаніст,селище Красилів,"набережна Наявний 1-й, буд. 86",382 24 65,danylo18@example.org
Бабійчук,Олесь,Володимирович,Чоловіча,2011-11-03,Економіст,місто Волноваха,"шосе Заводська 5-та, буд. 6 кв. 57",+380 15 169-27-13,labaalbina@example.com
Кармалюк,Світлана,Михайлівна,Жіноча,1976-12-05,Соціолог,місто Сторожинець,"провулок Шахтинський, буд. 596 кв. 22",+380 (88) 773-66-30,avreliishukhevych@example.com
Бакуменко,Аліна,Вікторівна,Жіноча,1953-10-23,Конструктор,селище Херсон,"проспект Джерельна, буд. 41 кв. 342",011 414 67 82,demydenkoalla@example.net
Деркач,Панас,Іванович,Чоловіча,1961-02-26,Петрограф,місто Нетішин,"проспект Яружний, буд. 31 кв. 66",975-13-76,zakhar07@example.org
Талан,Наталія,Андріївна,Жіноча,1984-06-02,Мінералог,село Умань,"сквер Бориса Нечерди, буд. 44 кв. 52",+380 74 316 23 46,rudkoorkhyp@example.com
Цушко,Левко,Петрович,Чоловіча,2008-12-21,Державний службовець,селище Гайворон,"шосе Водопровідний 3-й, буд. 40",003-16-93,dashkevycharsen@example.com
Токар,Давид,Сергійович,Чоловіча,1963-04-28,Пекар,село Боярка,"провулок Проектний 5-й, буд. 899 кв. 70",058 966-40-41,oleksandrabramchuk@example.org
Калениченко,Володимира,Миколаївна,Жіноча,2006-02-20,Продюсер,селище Березне,"набережна Поштова, буд. 39 кв. 9",+380 73 526 50 93,emiliiachupryna@example.com
Засуха,Людмила,Тарасівна,Жіноча,1963-08-06,Швачка,село Кілія,"проспект Новоселів, буд. 24 кв. 318",+380 17 621-33-84,oles29@example.net
Голобородько,Лесь,Володимирович,Чоловіча,1982-08-24,Гірничий інженер,селище Гола Пристань,"парк Рішельєвська, буд. 9",+380 51 111-55-87,hannalukash@example.net
Гузь,Прохір,Ярославович,Чоловіча,1976-02-03,Антрополог,село Бібрка,"набережна Лінія 55-та, буд. 995 кв. 374",+380 (03) 040-98-94,romanetsfedir@example.com
Ляшко,Панас,Андрійович,Чоловіча,1976-09-06,Електрослюсар,місто Миколаївка,"набережна Амбулаторний 2-й, буд. 828",+380 (19) 321-49-20,varfolomii55@example.org
Рубець,Тереза,Михайлівна,Жіноча,1955-07-18,Фотограф,хутір Богуслав,"площа Ключовий 1-й, буд. 466",+380 96 025-88-49,rozaliia51@example.org
Засенко,Ганна,Сергіївна,Жіноча,1967-06-21,Парфюмер,місто Джанкой,"сквер Перлинна, буд. 948 кв. 48",036 437 18 43,iesypenkomyron@example.org
Швачка,Левко,Олегович,Чоловіча,1974-05-15,Льотчик,село Белз,"парк Краснова, буд. 8",+380 07 018-32-36,anastasiia20@example.org
Ґерус,Кирило,Юрійович,Чоловіча,2006-12-22,Громадський діяч,село Коломия,"вулиця Рожева, буд. 019 кв. 9",+380 (89) 547-73-59,albertiurchyshyn@example.net
Данчук,Святослав,Олександрович,Чоловіча,1991-09-27,Акушер,село Новоград-Волинський,"узвіз Зернова, буд. 52",+380 67 569-97-25,liubov22@example.org
Яремко,Олесь,Михайлович,Чоловіча,1994-03-09,Мовознавець,село Сколе,"проспект Малинова, буд. 55 кв. 3",+380 04 529 29 73,mholoborodko@example.org
Овсієнко,Давид,Романович,Чоловіча,1993-02-10,Маркетолог,селище Верхньодніпровськ,"провулок Михайла Слабченка, буд. 14 кв. 71",035 471-67-04,kozakokseniia@example.org
Рудько,Павло,Дмитрович,Чоловіча,1995-01-03,Єгер,село Подільськ,"вулиця Західний 4-й, буд. 45 кв. 14",+380 80 671-89-29,mandroshchuk@example.org
Щорс,Дан,Юрійович,Чоловіча,1985-04-06,Конструктор,село Авдіївка,"провулок Василя Данилевича, буд. 268 кв. 04",147 07 02,iatsenkomarta@example.org
Пилипенко,Сергій,Олегович,Чоловіча,1948-10-12,Ріелтор,хутір Дубровиця,"провулок Юннатів 1-й, буд. 081",+380 53 400 78 96,bisaienko@example.net
Макаренко,Орися,Дмитрівна,Жіноча,1974-03-25,Няня,місто Жовква,"набережна Вишневий, буд. 462",+380 73 451-76-20,okseniia09@example.net
Гайдамака,Аарон,Дмитрович,Чоловіча,1975-10-22,Провізор,хутір Славута,"провулок Лазурний 3-й, буд. 02",266 22 80,ldankiv@example.net
Ванченко,Михайлина,Анатоліївна,Жіноча,2005-02-20,Літературознавець,селище Жовква,"провулок Зелена, буд. 012 кв. 06",005 477-21-36,alla23@example.com
Журба,Світлана,Миколаївна,Жіноча,1966-12-04,Конструктор,село Долинська,"набережна Удільний, буд. 46",045 597 54 79,ishchaktetiana@example.com
Килимник,Соломон,Миколайович,Чоловіча,1974-08-11,Письменник,місто Васильків,"провулок Західний 4-й, буд. 21",071 26 12,piatachenkoiaryna@example.net
Архимович,Ілля,Петрович,Чоловіча,1991-06-28,Намотувальник,селище Кодима,"узвіз Армійська, буд. 84",+380 32 316-07-18,demydtsiupa@example.net
Хоменко,Степан,Іванович,Чоловіча,1967-09-25,Гірничий інженер,селище Андрушівка,"набережна Полуничний, буд. 06",062 014-06-96,dannakopytko@example.org
Самойленко,Вікторія,Олегівна,Жіноча,2001-08-16,Промисловець,село Козятин,"шосе Бейтельсбахера, буд. 853 кв. 32",+380 (03) 895-10-66,lavrenkovolodymyra@example.com
Ляшко,Альберт,Васильович,Чоловіча,1948-08-12,Географ,село Корець,"парк Чорноморського козацтва, буд. 28 кв. 333",799 44 14,makarzinchenko@example.com
Охріменко,Камілла,Євгенівна,Жіноча,1965-11-08,Графік,хутір Могилів-Подільський,"парк Садова 2-га, буд. 146 кв. 58",207-87-92,iakivdanylenko@example.com
Вдовиченко,Кирило,Миколайович,Чоловіча,1961-10-13,Головний меркшейдер,місто Старий Самбір,"узвіз Матроський, буд. 00",+380 47 014 99 42,vbaranets@example.com
Худяк,Андрій,Григорович,Чоловіча,1960-08-06,Астрофізик,місто Саки,"парк 6-та Лінія 6-й ст. Люстдорфської дороги, буд. 5",215-88-28,lnesterenko@example.org
Затула,Альбіна,Юріївна,Жіноча,2010-06-26,Режисер,місто Алушта,"площа Почаївська, буд. 19 кв. 1",069 294 38 03,samoilenkoroksolana@example.net
Їжак,Михайло,Андрійович,Чоловіча,1956-08-12,Ботанік,місто Горохів,"набережна Нафтовиків 2-й, буд. 336",+380 (63) 517-79-13,solomon53@example.com
Верменич,Антон,Євгенович,Чоловіча,2007-05-21,Ді-джей,місто Івано-Франківськ,"набережна Шкодова гора, буд. 4",+380 56 651-43-05,masliakoleksa@example.com
Слюсар,Пріска,Вікторівна,Жіноча,2002-08-04,Єгер,місто Часів Яр,"парк Поштова, буд. 719 кв. 30",+380 95 779 78 41,verkhovynetstaras@example.com
Стельмах,Ігор,Євгенович,Чоловіча,1997-09-17,Пілот,село Київ,"шосе Садова 1-ша, буд. 5 кв. 17",997 74 59,iaryna27@example.net
Авдєєнко,Богдан,Тарасович,Чоловіча,2000-11-30,Публіцист,село Дунаївці,"сквер Злакова, буд. 8 кв. 2",+380 33 288-06-52,iosypsliusar@example.net
Христенко,Марина,Василівна,Жіноча,1986-02-20,Фотограф,селище Белз,"набережна Економічний, буд. 591",862-05-96,zmalyshko@example.net
Ященко,Артем,Андрійович,Чоловіча,1949-09-30,Інженер,село Острог,"парк Валерія Самофалова, буд. 5",+380 36 728-64-57,tymofii87@example.org
Копитко,Наталія,Михайлівна,Жіноча,2011-05-16,Водій,селище Апостолове,"вулиця Бориса Едуардса, буд. 34 кв. 5",810-48-76,ilienkoarsen@example.com
Шморгун,Олена,Тарасівна,Жіноча,2010-11-09,Дантист,хутір Нове Давидково,"парк Бокаріуса, буд. 87 кв. 7",726-88-84,iakovenkooleksandr@example.net
Верменич,Роксолана,Василівна,Жіноча,1969-02-24,Круп'є,хутір Сокологірськ,"проспект Китобійна, буд. 89",+380 (18) 400-32-27,makohonmykyta@example.net
Опанасенко,Орина,Петрівна,Жіноча,1965-06-20,Маркетолог,село Самар,"набережна Йосипа Тимченка, буд. 82 кв. 06",+380 (00) 807-36-89,mkybkalo@example.org
Їжакевич,Омелян,Олександрович,Чоловіча,1980-01-05,Редактор,село Корець,"провулок Танкерна, буд. 093 кв. 093",+380 92 009-74-49,iosyp46@example.org
Яремко,Геннадій,Юрійович,Чоловіча,1996-07-31,Архітектор,хутір Новий Калинів,"узвіз Михайла Слабченка, буд. 561 кв. 85",463 76 63,deisunieva@example.net
Швачко,Альбіна,Степанівна,Жіноча,1997-09-24,Фермер,хутір Берегове,"узвіз Гілельса, буд. 2",+380 (10) 892-27-90,herman09@example.org
Вишиваний,Опанас,Петрович,Чоловіча,1978-10-25,Художник,село Заводське,"провулок Горизонтальна, буд. 829 кв. 78",+380 97 086 56 89,kostiantynshevchenko@example.net
Теліженко,Орест,Володимирович,Чоловіча,1951-03-24,Конструктор,селище Бровари,"шосе Долинська, буд. 20",856-67-61,fderehus@example.org
Андрусенко,Лукʼян,Анатолійович,Чоловіча,1950-06-11,Ювелір,селище Устилуг,"шосе Сталепрокатна, буд. 051",030 045 29 98,oleh25@example.com
Безбородько,Ганна,Григорівна,Жіноча,1952-12-13,Історик,селище Остер,"парк Наявний 2-й, буд. 4 кв. 893",+380 88 660-47-89,hryhoriikhomyk@example.net
Корпанюк,Амвросій,Петрович,Чоловіча,1960-01-12,Паралегал,село Комарно,"парк Шота Руставелі, буд. 36",022 777-60-03,lukian46@example.org
Масляк,Теодор,Григорович,Чоловіча,1949-09-11,Юрист,село Святогірськ,"вулиця Могилівська, буд. 8",749 99 14,petrenkooleksa@example.org
Чорновіл,Вадим,Вікторович,Чоловіча,2009-12-11,Бібліограф,селище Гуляйполе,"площа Морехідна, буд. 8 кв. 9",593-83-03,rbabenko@example.org
Яремко,Антон,Олександрович,Чоловіча,1977-04-19,Дизайнер,село Дунаївці,"провулок Патріотична, буд. 344 кв. 221",+380 42 476 35 30,tymofiichekaliuk@example.com
Козаченко,Гліб,Юрійович,Чоловіча,1961-05-20,Нотаріус,місто Узин,"проспект Кобзаря, буд. 877",+380 06 270-90-63,amakohon@example.net
Запорожець,Остап,Олександрович,Чоловіча,1953-08-24,Кінолог,село Іловайськ,"узвіз Ніни Строкатої, буд. 9",016 124-14-44,hcherinko@example.org
Гайдай,Адам,Володимирович,Чоловіча,2000-06-16,Науковець,місто Сіверськ,"площа Амбулаторний 2-й, буд. 098 кв. 49",030 518-38-96,ebazavluchenko@example.net
Примаченко,Юстим,Дмитрович,Чоловіча,1961-05-25,Фольклорист,місто Охтирка,"набережна Сотника Лугіна, буд. 464 кв. 23",386 64 53,eivanychuk@example.com
Гаєвська,Вікторія,Сергіївна,Жіноча,1955-04-13,Драматург,місто Шпола,"шосе Старокінний, буд. 578 кв. 0",069 731-79-51,frants50@example.com
Бездітко,Любов,Тарасівна,Жіноча,1975-03-02,Гицель,село Слов'янськ,"узвіз Демократична, буд. 137 кв. 627",092 957-92-15,stefan42@example.com
Матвієнко,Євген,Володимирович,Чоловіча,1987-03-18,М'ясник,село Яремче,"провулок Чорноморський, буд. 20",060 793 84 95,albina02@example.com
Абрагамовський,Нестор,Дмитрович,Чоловіча,1994-02-25,Флорист,місто Зугрес,"парк Рельєфна, буд. 871 кв. 537",+380 08 426-57-31,leopoldhavrylyshyn@example.net
Дацюк,Миколай,Григорович,Чоловіча,1989-01-18,Сантехнік,місто Сокиряни,"площа Виноградна, буд. 9 кв. 770",213-57-39,opanasbabiuk@example.net
Єрьоменко,Наталія,Степанівна,Жіноча,2011-10-19,Мікробіолог,місто Білицьке,"провулок Соляний 4-й, буд. 65 кв. 9",+380 95 929 35 76,jshablii@example.net
Рубець,Олександр,Васильович,Чоловіча,1978-12-12,Медик,село Вижниця,"узвіз Урожайна, буд. 00",+380 98 893-24-87,gverkhola@example.net
Чайка,Камілла,Олександрівна,Жіноча,1996-03-11,Письменник,місто Львів,"узвіз Мазепи Івана, буд. 2",054 277-65-13,omelianshamrai@example.net
Павленко,Спас,Максимович,Чоловіча,1993-04-13,М'ясник,хутір Рудки,"вулиця Флотська, буд. 2 кв. 3",074 299 03 86,valentynaiashchuk@example.net
Данильчук,Петро,Володимирович,Чоловіча,1992-04-20,Клавішник,хутір Білогірськ,"узвіз Вітчизняна, буд. 8 кв. 85",+380 51 490 08 34,akomar@example.org
Христич,Демид,Григорович,Чоловіча,1970-12-30,Географ,місто Берестин,"парк Шота Руставелі, буд. 450 кв. 495",+380 60 164-77-04,zdankevych@example.com
Єсипенко,Світлана,Дмитрівна,Жіноча,1958-02-23,Редактор,село Хрустальний,"сквер Сергія Ядова, буд. 251",977-22-79,iholoborodko@example.com
Бандурка,Прохір,Миколайович,Чоловіча,1949-09-04,Психолог,село Виноградів,"проспект Морехідний, буд. 36",078 051-06-97,iaryna31@example.net
Якименко,Лариса,Михайлівна,Жіноча,1997-04-21,Професор,хутір Васильків,"проспект Лесі Українки, буд. 0",+380 94 529-51-15,ekozak@example.com
Бабенко,Аркадій,Сергійович,Чоловіча,1983-05-31,Агроном,селище Багачеве,"провулок Виноградний тупик, буд. 587",006 850 34 70,boleslav90@example.org
Савенко,Лілія,Олегівна,Жіноча,1970-11-12,Електрослюсар,село Звенигородка,"узвіз Красива, буд. 4",+380 24 906 53 78,nestor24@example.com
Панчук,Пріска,Анатоліївна,Жіноча,1949-04-09,Круп'є,місто Южноукраїнськ,"парк Лютневий 2-й, буд. 31 кв. 680",997-40-34,cprytula@example.com
Литвиненко,Орхип,Євгенович,Чоловіча,1994-02-27,Музикознавець,село Тлумач,"сквер Партизанської слави, буд. 1",+380 (03) 268-37-82,iustyna89@example.org
Михайлюк,Ярема,Михайлович,Чоловіча,1946-04-13,Флорист,село Вишневе,"провулок Василя Симоненка, буд. 40",796-55-81,baronets@example.net
Алексеєнко,Варвара,Михайлівна,Жіноча,1989-06-06,Астронавт,село Кагарлик,"сквер Прохоровська, буд. 1",+380 02 963-19-88,rudkosymon@example.net
Заєць,Опанас,Васильович,Чоловіча,1963-08-28,Ді-джей,село Підгайці,"набережна Промислова, буд. 764",+380 15 886-69-89,bohuslavarkhypenko@example.com
Смик,Орест,Григорович,Чоловіча,1996-06-28,Громадський діяч,хутір Довжанськ,"проспект Кришталевий, буд. 29 кв. 6",+380 (89) 266-45-70,qvernydub@example.net
Парасюк,Омелян,Олегович,Чоловіча,1970-10-22,Дантист,місто Носівка,"сквер Залізничний 3-й, буд. 3",000 247 93 99,nataliia54@example.com
Бакуменко,Сніжана,Тарасівна,Жіноча,1999-05-06,Дипломат,село Березне,"провулок Миколи Боровського, буд. 875",+380 60 143-54-22,khrystyna93@example.org
Василашко,Ярина,Богданівна,Жіноча,2002-11-02,Електротехнік,село Коростишів,"провулок Проектний 5-й, буд. 954",691 09 73,priska42@example.org
Артимишин,Опанас,Іванович,Чоловіча,1980-09-20,Патологоанатом,селище Бурштин,"сквер Матроський узвіз, буд. 1",+380 93 249-95-61,chalaokseniia@example.net
Бандурка,Едита,Петрівна,Жіноча,1961-09-05,Електромонтер,село Нікополь,"провулок Малинова, буд. 9 кв. 486",061-07-90,oleksandrasaula@example.net
Даценко,Богданна,Сергіївна,Жіноча,1960-10-06,Різноробочий,село Гнівань,"набережна Соляний 5-й, буд. 13 кв. 179",973-31-68,ilienkoalbert@example.com
Щербань,Любов,Іванівна,Жіноча,1952-11-02,Вчитель,село Пологи,"провулок Сім'ї Глодан, буд. 0 кв. 7",024 530 12 77,baidaksolomon@example.net
Петлюра,Ірина,Михайлівна,Жіноча,2011-07-02,Ріелтор,село Іловайськ,"проспект Металістів, буд. 40",+380 24 952 11 27,echupryna@example.net
Гавриш,Лукʼян,Тарасович,Чоловіча,1983-11-27,М'ясник,місто Павлоград,"парк 2-га Лінія 4-ї ст. Люстдорфської дороги, буд. 6",+380 07 360-50-81,iakivskyrda@example.net
Бабʼяк,Прохір,Степанович,Чоловіча,1972-12-15,Шериф,селище Бобровиця,"проспект Новоукраїнський, буд. 0 кв. 662",269 58 01,amvrosiivasylenko@example.com
Лемешко,Давид,Михайлович,Чоловіча,1988-05-19,Соціолог,село Зугрес,"шосе Офіцерський 1-й, буд. 37 кв. 627",+380 07 208-62-08,shevchenkosvitlana@example.org
Єщенко,Златослава,Григорівна,Жіноча,1970-08-29,Фотограф,місто Кагарлик,"шосе Фабрична, буд. 52",+380 60 992 27 25,antonshyian@example.net
Дашенко,Амвросій,Романович,Чоловіча,1970-08-30,Паралегал,місто Теребовля,"сквер Ракетна, буд. 421",764 13 72,atamanchukspas@example.net
Михайлюк,Дан,Вікторович,Чоловіча,1948-01-08,Математик,село Сокаль,"вулиця Онілової, буд. 6",+380 (53) 747-28-68,oleksaisaienko@example.org
Оліфіренко,Святослав,Тарасович,Чоловіча,1996-01-01,Реставратор,село Горішні Плавні,"парк Яблучна, буд. 0 кв. 9",092 159-82-06,svitlanaiatseniuk@example.com
Овчаренко,Степан,Вікторович,Чоловіча,1997-04-27,Ювелір,село Радивилів,"шосе Бейтельсбахера, буд. 478",023 655 95 75,panteleimonsymonenko@example.net
Жайворон,Еріка,Тарасівна,Жіноча,1982-02-27,Електромонтажник,місто Макіївка,"вулиця Виноградний тупик, буд. 4",071 189-44-56,boryslav28@example.net
Василечко,Опанас,Васильович,Чоловіча,1975-10-02,Адвокат,місто Довжанськ,"площа Вапняне селище, буд. 7",+380 64 041 46 97,liubovkomar@example.org
Смик,Станіслав,Олегович,Чоловіча,1952-11-18,Історик,місто Липовець,"узвіз Гайова, буд. 5 кв. 987",+380 22 121-86-15,marynaiefymenko@example.org
Артимович,Святослава,Анатоліївна,Жіноча,2001-01-01,Стоматолог,хутір Арциз,"парк Вознесенський, буд. 33 кв. 5",+380 (51) 885-82-61,ydemianiuk@example.org
Височан,Соломія,Романівна,Жіноча,1996-08-16,Продюсер,село Калуш,"шосе Ольги Благовидової, буд. 634",036 109-70-25,ovcharenkovarvara@example.org
Чумак,Ірина,Тарасівна,Жіноча,2011-05-01,Модель,місто Сіверськ,"провулок Героїв Крут, буд. 65 кв. 630",+380 (49) 051-88-77,adam30@example.net
Зінкевич,Алла,Василівна,Жіноча,1981-04-30,Намотувальник,село Галич,"набережна Житомирський 3-й, буд. 4 кв. 13",+380 (14) 818-85-19,hordii40@example.net
Бевз,Максим,Максимович,Чоловіча,1995-05-24,Ветеринар,хутір Буринь,"парк Дачний 2-й, буд. 943 кв. 17",729-00-13,vasyl17@example.org
Павлик,Петро,Григорович,Чоловіча,2010-09-05,Клоун,місто Шепетівка,"парк Амбулаторний 2-й, буд. 465 кв. 2",868 11 39,chabanpylyp@example.org
Тарасенко,Камілла,Михайлівна,Жіноча,2004-12-28,Дантист,хутір Українка,"провулок Каштанова, буд. 392 кв. 1",032 927 45 57,szaika@example.org
Гайда,Варвара,Ярославівна,Жіноча,1983-03-19,Дизайнер,село Фастів,"парк Золотий берег, буд. 7",+380 (00) 346-87-00,serhii60@example.com
Шелест,Валентина,Григорівна,Жіноча,1978-03-22,Лікар,селище Стебник,"площа 5-та Лінія 6-й ст. Люстдорфської дороги, буд. 897 кв. 225",+380 (06) 778-90-67,mykhailyna82@example.org
Яремко,Устим,Вікторович,Чоловіча,1995-11-19,Редактор,хутір Решетилівка,"провулок Горбатий міст, буд. 9",+380 12 883 63 70,anton58@example.net
Христенко,Микита,Романович,Чоловіча,1948-04-20,Сценарист,селище Приморськ,"парк Лінія 32-га, буд. 9",044 392-81-40,myronpelekh@example.net
Рябець,Софія,Миколаївна,Жіноча,1955-08-17,Палеонтолог,село Новогродівка,"шосе Хімічна, буд. 23 кв. 669",173-90-95,solomonieresko@example.com
Баран,Камілла,Вікторівна,Жіноча,2010-02-13,Геофізик,місто Лебедин,"парк Демократична, буд. 2 кв. 385",+380 (99) 131-78-80,nadiia89@example.com
Ейбоженко,Прохір,Володимирович,Чоловіча,1955-10-14,Модель,місто Копичинці,"провулок Зелена балка, буд. 358",505 87 46,tetiana54@example.net
Вдовенко,Геннадій,Богданович,Чоловіча,1947-06-21,Різноробочий,хутір Моспине,"провулок Горбатий міст, буд. 934",+380 (58) 136-10-23,tymchenkovalentyn@example.org
Засенко,Йосип,Богданович,Чоловіча,1949-12-31,Паралегал,хутір Золочів,"узвіз Шкільний, буд. 353",+380 69 710-90-07,xstus@example.org
Ватаманюк,Камілла,Степанівна,Жіноча,1998-04-04,Вчитель,хутір Підгородне,"сквер Килимовий, буд. 0",076 158 91 22,iustynaovcharenko@example.org
Дараган,Аліна,Анатоліївна,Жіноча,1947-12-13,Палеонтолог,місто Корець,"набережна Георгія Гамова, буд. 460 кв. 3",+380 01 449-47-77,hordiiarsenych@example.com
Жарко,Андрій,Михайлович,Чоловіча,1951-11-13,Електромонтер,хутір Шаргород,"узвіз Китобійний 1-й, буд. 4",012 756 28 33,yvyshyvanyi@example.org
Лаба,Еріка,Євгенівна,Жіноча,1952-06-02,Антрополог,село Іловайськ,"площа 16-та Лінія 6-й ст. Люстдорфської дороги, буд. 54 кв. 578",032 297-94-31,zynoviishtepa@example.net
Лукаш,Надія,Олександрівна,Жіноча,1979-10-11,Футболіст,село Благовіщенське,"шосе 3-тя Лінія 4-ї ст. Люстдорфської дороги, буд. 542 кв. 418",+380 (91) 887-54-17,ievhen40@example.com
Скопенко,Онисим,Сергійович,Чоловіча,1957-08-16,Геолог,селище Сокаль,"набережна Ольгіївський узвіз, буд. 092 кв. 2",+380 83 424-19-36,zorian78@example.com
Панчук,Опанас,Петрович,Чоловіча,1996-06-08,Пекар,селище Авдіївка,"узвіз Короткий, буд. 6",044 343-08-47,viktorizhakevych@example.org
Архимович,Пармен,Тарасович,Чоловіча,1962-12-25,Літературознавець,хутір Запоріжжя,"узвіз Ізюмська, буд. 708 кв. 2",+380 05 658 28 91,pavlo79@example.org
Демиденко,Веніямин,Євгенович,Чоловіча,1952-09-05,Бухгалтер,місто Євпаторія,"парк 1-й Академічний тупик, буд. 523",060 081-84-58,dotsenkoalbert@example.net
Іваничук,Франц,Олександрович,Чоловіча,1950-11-08,Намотувальник,село Жовква,"проспект Ганни Ахматової, буд. 866",028 173-97-34,khmaraoksana@example.net
Гаврилець,Кирило,Дмитрович,Чоловіча,1981-10-11,Драматург,село Вишневе,"сквер Гвоздичний, буд. 5 кв. 367",+380 27 111 61 32,olhabazavluchenko@example.com
Баранець,Аніта,Дмитрівна,Жіноча,1993-04-28,Ді-джей,місто Златопіль,"площа Лятошинського, буд. 6",976-26-08,adam78@example.net
Верменич,Михайлина,Євгенівна,Жіноча,1948-03-06,Петрограф,село Конотоп,"сквер Аеропортівський 5-й, буд. 253",+380 47 225-97-73,tymofii69@example.com
Бараник,Ярослав,Максимович,Чоловіча,1961-11-12,Модельєр,село Сіверськ,"площа Луцька, буд. 684",+380 (69) 609-15-60,iashchenkoandrii@example.com
Луценко,Кирило,Романович,Чоловіча,1999-04-30,Редактор,село Миронівка,"шосе Олексіївська, буд. 99",888 94 11,perebyinisiefrem@example.org
Андріїшин,Емілія,Тарасівна,Жіноча,1956-05-02,Локсмайстер,місто Рогатин,"площа Левкоєва, буд. 57 кв. 36",644 13 19,bohdanna38@example.org
Шахрай,Роксолана,Євгенівна,Жіноча,1963-05-23,Композитор,хутір Джанкой,"сквер Мукачівський, буд. 7",500 45 92,ieroshenkoviktoriia@example.net
Данькевич,Варвара,Володимирівна,Жіноча,1972-01-26,Музичний редактор,хутір Узин,"площа Панченка, буд. 2 кв. 006",+380 12 134-12-57,iaryna46@example.net
Михалюк,Мирон,Васильович,Чоловіча,1955-08-26,Філолог,хутір Золоте,"проспект Ялинковий, буд. 475",+380 (92) 435-74-45,lukian15@example.com
Колесниченко,Марія,Андріївна,Жіноча,1967-03-15,Письменник,селище Ржищів,"шосе Ромашкова, буд. 2",929 13 03,kdzyndra@example.com
Артимович,Одарка,Олегівна,Жіноча,1957-11-05,Журналіст,селище Овруч,"проспект Куликовський 2-й, буд. 98 кв. 556",+380 45 292 21 48,leontii62@example.net
Удовиченко,Ірена,Миколаївна,Жіноча,1960-05-27,Громадський діяч,село Бібрка,"провулок Володимира Вінниченка, буд. 9 кв. 329",012 011 79 04,dmytro02@example.com
Артимишин,Людмила,Степанівна,Жіноча,2010-04-22,Шериф,хутір Іллінці,"вулиця Угорська, буд. 6",+380 (51) 591-49-97,tymofii70@example.org
Данилюк,Макар,Васильович,Чоловіча,1983-12-19,Модель,селище Баштанка,"набережна Олександра Богомольця, буд. 12 кв. 448",520-18-10,vladyslavkharchenko@example.org
Павличенко,Пилип,Анатолійович,Чоловіча,2005-10-30,Медик,хутір Болехів,"узвіз Чубаївський, буд. 771",500-61-64,vladyslav67@example.net
Демʼянчук,Дарина,Анатоліївна,Жіноча,2006-11-28,Провізор,місто Сквира,"вулиця Біржова, буд. 846 кв. 869",017 651-70-75,stetsvolodymyra@example.com
Макогон,Варфоломій,Васильович,Чоловіча,2001-01-30,Літературознавець,село Виноградів,"шосе Військово-морських сил, буд. 3 кв. 802",+380 (94) 658-31-31,mykhailokarpa@example.net
Данчук,Одарка,Василівна,Жіноча,2006-02-01,Реставратор,село Луганськ,"парк Кладовищний, буд. 416 кв. 65",+380 18 672-98-11,malyshkoamvrosii@example.com
Чміль,Тимофій,Миколайович,Чоловіча,1969-09-02,Конструктор,селище Гадяч,"провулок Горбиста, буд. 774 кв. 5",320 66 95,sofiia55@example.com
Червоненко,Христина,Сергіївна,Жіноча,1985-05-22,Науковець,селище Стрий,"провулок Грушева, буд. 4",+380 (04) 008-78-41,omelian96@example.com
Даньків,Аліна,Романівна,Жіноча,1981-08-17,Геофізик,селище Буча,"набережна Ключовий 1-й, буд. 4",456-93-29,erika16@example.org
Тесленко,Лукʼян,Андрійович,Чоловіча,2007-06-25,Менеджер,селище Валки,"площа Харківська, буд. 4 кв. 5",+380 98 176 89 21,ielysaveta05@example.org
Вдовиченко,Ганна,Степанівна,Жіноча,2003-01-07,Слідчий,село Суми,"вулиця Матроський, буд. 577",521 72 97,sofiiakhomenko@example.org
Ярема,Орест,Григорович,Чоловіча,1954-03-08,Перекладач,місто Бердянськ,"провулок Амбулаторний 2-й, буд. 788 кв. 5",+380 (57) 431-26-53,anton34@example.net
Носенко,Станіслав,Васильович,Чоловіча,2007-02-13,Пілот,село Снігурівка,"набережна Ботанічний, буд. 666 кв. 732",099 989 39 61,fbatiuk@example.com
Приходько,Орина,Олегівна,Жіноча,1997-10-29,Письменник,селище Полтава,"парк Азербайджан, буд. 973 кв. 3",+380 52 905-96-19,fareniukvioletta@example.com
Панчук,Аарон,Ярославович,Чоловіча,2004-12-17,Няня,хутір Молочанськ,"узвіз Проточний, буд. 47",+380 90 255 70 90,heorhiihavriushenko@example.net
Гайда,Ярослава,Євгенівна,Жіноча,2001-05-15,Педагог,місто Глобине,"сквер Ялинковий, буд. 4",+380 (88) 847-51-86,tymchenkoheorhii@example.org
Батіг,Тимофій,Степанович,Чоловіча,1978-12-13,Юрист,місто Угнів,"шосе Аеропортівський 1-й, буд. 9 кв. 84",+380 71 866-64-47,fteslenko@example.com
Їжак,Зорян,Євгенович,Чоловіча,1968-03-03,Диригент,хутір Конотоп,"парк Отамана Чепіги, буд. 795",+380 88 059-92-91,ielysavetamalyk@example.org
Єрошенко,Іван,Степанович,Чоловіча,1954-03-28,Скульптор,місто Енергодар,"шосе Шостої 2-й, буд. 4 кв. 940",+380 22 570 29 78,zharkovolodymyra@example.com
Теліженко,Демид,Петрович,Чоловіча,1955-12-16,Підприємець,село Чорноморськ,"парк Восьмого березня 2-й, буд. 7",+380 89 643-70-74,tkachielysei@example.com
Дзюба,Аврелій,Вікторович,Чоловіча,1982-07-01,Геофізик,село Курахове,"парк Хутірський, буд. 28 кв. 4",+380 47 798 07 90,dkhomenko@example.com
Андрусенко,Ада,Михайлівна,Жіноча,2010-06-02,Промисловець,село Гайсин,"шосе Колекційна, буд. 15 кв. 18",+380 (46) 159-92-67,dankevychvadym@example.com
Кальченко,Орест,Романович,Чоловіча,1980-05-30,Намотувальник,місто Чоп,"вулиця Овідіопольський, буд. 764 кв. 40",075 992 96 76,rievtushok@example.com
Сагаль,Ганна,Романівна,Жіноча,1948-03-29,Науковець,хутір Херсон,"вулиця Чорноморський 9-й, буд. 3 кв. 38",007 086-60-17,semen53@example.net
Джус,Юстина,Євгенівна,Жіноча,1996-10-25,Фрілансер,місто Хмільник,"набережна Селищна, буд. 4 кв. 4",+380 62 637-94-33,liudmylakovalenko@example.com
Худяк,Тереза,Максимівна,Жіноча,1993-05-25,Публіцист,село Корець,"вулиця Маршрутна, буд. 06",+380 (65) 579-10-13,martynpetliura@example.net
Алексійчук,Нестор,Тарасович,Чоловіча,1999-07-21,Машиніст,місто Батурин,"провулок Шевченка, буд. 122 кв. 549",095 433 04 92,omelian17@example.com
Мазепа,Віталій,Анатолійович,Чоловіча,1952-03-13,Ювелір,селище Очаків,"сквер Дерибасівська, буд. 556",457-85-92,tbalaban@example.org
Шутько,Єлисей,Вікторович,Чоловіча,1985-07-22,Живописець,селище Тальне,"вулиця Панченка, буд. 9",158-69-18,zorian01@example.com
Андріїшин,Прохір,Васильович,Чоловіча,1954-08-18,Штукатур,хутір Кобеляки,"площа Грецька, буд. 1 кв. 8",+380 04 050-42-25,nosachenkoklyment@example.net
Шухевич,Стефан,Володимирович,Чоловіча,1999-11-10,Електротехнік,місто Самбір,"сквер Тепличний 1-й, буд. 7",+380 (65) 731-89-07,gteslia@example.org
Василенко,Семен,Романович,Чоловіча,1989-06-27,Модельєр,селище Новгород-Сіверський,"набережна Лодочний, буд. 3 кв. 560",+380 20 283 95 83,olesbaranets@example.net
Верховинець,Остап,Максимович,Чоловіча,1962-06-02,Гінеколог,хутір Мерефа,"шосе Задніпровського, буд. 6 кв. 629",+380 (95) 347-30-05,khrystynatereshchuk@example.com
Ващенко,Златослава,Іванівна,Жіноча,1954-07-21,Ветеринар,хутір Кропивницький,"проспект Манежний, буд. 78 кв. 449",872 56 60,iurchyshynavalerii@example.org
Смик,Аніта,Ярославівна,Жіноча,1960-06-30,Круп'є,селище Федорівка,"сквер Балтський 1-й, буд. 0 кв. 79",+380 (94) 591-65-89,tdurdynets@example.com
Левченко,Симон,Миколайович,Чоловіча,2011-03-30,Сантехнік,селище Рубіжне,"сквер Сумська, буд. 89",577 68 10,olena99@example.com
Журба,Роксолана,Дмитрівна,Жіноча,1991-03-14,Лікар,селище Хуст,"набережна Героїв Крут, буд. 44",068 679 45 85,pavlomykhailychenko@example.net
Килимник,Онисим,Юрійович,Чоловіча,1961-06-23,Кур'єр,село Зіньків,"провулок 12-та Лінія 6-й ст. Люстдорфської дороги, буд. 872",625 57 08,qhabelko@example.org
Андрощук,Марина,Анатоліївна,Жіноча,1980-05-31,Філолог,хутір Фастів,"площа Небесної Сотні, буд. 01 кв. 68",+380 (04) 917-74-86,oaleksiuk@example.net
Оліфіренко,Яків,Михайлович,Чоловіча,1952-10-25,Різноробочий,село Шумськ,"шосе Лютеранський, буд. 3 кв. 3",+380 (49) 388-94-35,emiliia80@example.org
Щербак,Ігнат,Миколайович,Чоловіча,1984-05-25,Астронавт,селище Бахмач,"шосе Олександра Блока, буд. 02 кв. 97",078 097 04 19,oryna39@example.net
Рак,Людмила,Григорівна,Жіноча,1968-12-22,Ді-джей,місто Добропілля,"провулок Шостої 1-й, буд. 50",115 29 90,darynaartiukh@example.com
Андрейко,Оксенія,Максимівна,Жіноча,1976-02-10,Етнограф,місто Привілля,"площа Посівна, буд. 060",072 715-68-63,petrodeisun@example.org
Дашенко,Єлисей,Володимирович,Чоловіча,1975-12-15,Фольклорист,селище Буча,"парк Іспанський, буд. 2",056 371-76-67,viktoriia86@example.com
Рябошапка,Богуслава,Володимирівна,Жіноча,2002-06-09,Конструктор,місто Городня,"набережна Злакова, буд. 536 кв. 4",305-45-40,olha40@example.org
Баштан,Володимира,Тарасівна,Жіноча,1948-06-09,Складальник,село Золочів,"набережна Шефська, буд. 45 кв. 3",+380 39 612-97-85,mykolaionufriienko@example.net
Худяк,Стефан,Юрійович,Чоловіча,1996-05-06,Прокурор,селище Бар,"парк Аеропортівський 6-й, буд. 478",465 13 10,lchumachenko@example.com
Дейсун,Омелян,Олександрович,Чоловіча,1950-06-04,Конструктор,селище Кілія,"шосе Пироговський, буд. 132 кв. 57",053 552-79-27,vlasiukvarvara@example.net
Засуха,Давид,Максимович,Чоловіча,1954-06-26,Лікар,село Білозерське,"сквер Морський 2-й, буд. 8",570 25 89,arsen14@example.org
Худяк,Ярема,Петрович,Чоловіча,1979-01-03,Хімік,селище Узин,"вулиця Князя Ярослава Мудрого, буд. 7",+380 44 789 29 75,aaronopanasenko@example.net
Чубай,Світлана,Романівна,Жіноча,1980-01-01,Актор,місто Снігурівка,"проспект 8-ма Лінія 6-й ст. Люстдорфської дороги, буд. 686 кв. 3",012 990-81-55,vadymderhach@example.net
Андрусенко,Соломія,Сергіївна,Жіноча,1988-05-22,Адвокат,село Жовті Води,"парк Учительський, буд. 2",431 60 27,smykveniiamyn@example.net
Ісаєнко,Григорій,Романович,Чоловіча,1996-10-26,Ґрунтознавець,селище Конотоп,"проспект Перепечка, буд. 777",038 789 99 92,rdrobakha@example.net
Слюсар,Панас,Тарасович,Чоловіча,1995-09-25,Круп'є,хутір Стебник,"парк Наявний 3-й, буд. 963",192-93-38,prokhirbaklan@example.net
Александренко,Федір,Володимирович,Чоловіча,2008-08-29,Стоматолог,село Могилів-Подільський,"узвіз Басейний 3-й, буд. 99",079 410 84 51,andrii35@example.com
Заїка,Макар,Олександрович,Чоловіча,1968-12-21,Державний службовець,селище Хирів,"вулиця 1-ша Лінія 4-ї ст. Люстдорфської дороги, буд. 34 кв. 68",662 93 07,bohodar32@example.com
Затовканюк,Устим,Олегович,Чоловіча,1951-05-28,Диригент,село Вугледар,"вулиця Зелена балка, буд. 511 кв. 071",+380 62 354-53-80,markobhydenko@example.net
Андрусенко,Демʼян,Андрійович,Чоловіча,1980-06-10,Програміст,село Бережани,"проспект 6-та Лінія 6-й ст. Люстдорфської дороги, буд. 9 кв. 00",+380 (07) 912-40-90,bohdanna04@example.net
Худобʼяк,Анастасія,Максимівна,Жіноча,1972-05-22,Літературознавець,хутір Роздільна,"сквер Суперфосфатна, буд. 22",086 742-71-92,bostapchuk@example.org
Ільченко,Ярина,Романівна,Жіноча,1959-04-29,Краєзнавець,місто Чуднів,"провулок Рульовий, буд. 73 кв. 615",902 57 02,bdzyndra@example.org
Єфименко,Арсен,Петрович,Чоловіча,1997-12-02,Публіцист,хутір Заліщики,"шосе Розумовський 2-й, буд. 7 кв. 76",518 98 16,ichumak@example.com
Симоненко,Ігор,Юрійович,Чоловіча,1983-01-05,Патологоанатом,селище Жмеринка,"вулиця Житомирський 4-й, буд. 1 кв. 76",149-97-12,ldanylchuk@example.org
Фурс,Микита,Степанович,Чоловіча,1994-11-11,Провізор,хутір Вознесенівка,"парк Килимова, буд. 80",+380 79 139 53 99,deisunoles@example.org
Пʼятаченко,Єфрем,Олександрович,Чоловіча,1951-03-03,Бізнесмен,селище Чорноморськ,"сквер Глаубермана, буд. 5",067 689-83-07,mariiabarabash@example.net
Бабенко,Аніта,Вікторівна,Жіноча,1976-08-12,Інженер,село Галич,"шосе Різдвяна, буд. 267",557 21 48,levkokolisnychenko@example.com
Корж,Климент,Романович,Чоловіча,1973-05-10,Перекладач,місто Канів,"проспект Цегляна, буд. 028",065 032-07-79,avrelii46@example.net
Бевзенко,Давид,Олександрович,Чоловіча,1961-01-29,Кухар,місто Кам'янець-Подільський,"набережна Щоглова, буд. 393",+380 58 959-82-08,pavlokhrystych@example.net
Андрієнко,Єлисавета,Степанівна,Жіноча,1974-06-23,Патологоанатом,селище Вишгород,"шосе Хутірський, буд. 466 кв. 5",730-25-52,dan46@example.org
Деркач,Марта,Дмитрівна,Жіноча,1982-04-18,М'ясник,село Заводське,"парк Лавкова, буд. 941 кв. 5",053 405 98 73,boleslav44@example.com
Яценко,Ярослава,Михайлівна,Жіноча,2000-07-22,Няня,місто Галич,"шосе Високий, буд. 0 кв. 30",091 576 39 70,kybkaloavhustyn@example.com
Влох,Олег,Сергійович,Чоловіча,2003-11-23,Кінорежисер,хутір Хирів,"узвіз Бутишів, буд. 876 кв. 787",+380 (55) 926-76-80,tandroshchuk@example.com
Голик,Анжела,Богданівна,Жіноча,1951-02-23,Науковець,селище Олександрівськ,"сквер Поштова, буд. 959 кв. 033",+380 (41) 311-21-86,mvoblyi@example.net
Арсенич,Любов,Василівна,Жіноча,1989-06-01,Агроном,село Стрий,"проспект Аптекарський, буд. 630",+380 02 975-80-43,dan86@example.org
Гайдабура,Ярослав,Іванович,Чоловіча,1975-11-08,Будник,хутір Хрестівка,"парк Матроський узвіз, буд. 91",+380 36 673 94 22,martyn51@example.net
Зінченко,Анастасія,Богданівна,Жіноча,2003-02-04,Педагог,місто Лисичанськ,"набережна Люстдорфський, буд. 4 кв. 4",+380 94 689-36-29,onysym26@example.org
Єщенко,Георгій,Сергійович,Чоловіча,1973-07-13,Бібліограф,місто Угнів,"набережна Миколаївська дорога, буд. 2 кв. 287",+380 (56) 358-50-76,pavlo22@example.net
Ґерета,Михайлина,Богданівна,Жіноча,1950-04-25,Стоматолог,місто Золоте,"площа Поштовий, буд. 554 кв. 7",+380 (57) 074-21-50,pfranko@example.com
Гаврилюк,Пармен,Петрович,Чоловіча,1994-03-19,Бізнесмен,хутір Світловодськ,"набережна Чорноморський 3-й, буд. 63 кв. 892",+380 (13) 561-77-29,markohohol@example.org
Гайдамака,Леонід,Євгенович,Чоловіча,1975-04-30,М'ясник,селище Миронівка,"провулок Яблунева, буд. 093",961 28 78,hlytvynenko@example.net
Наливайко,Яків,Юрійович,Чоловіча,1996-09-23,Підприємець,місто Вовчанськ,"площа 16-та Лінія 6-й ст. Люстдорфської дороги, буд. 96",+380 40 314-38-33,bazhazha@example.net
Лемешко,Микита,Вікторович,Чоловіча,1998-03-13,Візажист,місто Привілля,"провулок Скліфосовського, буд. 50 кв. 5",374 41 05,syrotenkozlatoslava@example.org
Рудик,Альбіна,Анатоліївна,Жіноча,1969-11-14,Психолог,селище Молочанськ,"площа Дев’ята, буд. 3",+380 20 212-72-88,wiaremenko@example.net
Теличенко,Азар,Володимирович,Чоловіча,2011-08-13,Фольклорист,місто Ужгород,"узвіз Крайня, буд. 655 кв. 071",070 304-04-32,bohodarhupalo@example.net
Рябченко,Аарон,Вікторович,Чоловіча,1990-04-05,Композитор,місто Святогірськ,"площа Мацієвської узвіз, буд. 40",078 229 55 11,rakboleslav@example.com
Абраменко,Ліза,Миколаївна,Жіноча,1994-09-25,Петрограф,хутір Конотоп,"парк Пассіонарії, буд. 81",+380 13 636-23-08,vira94@example.com
Левченко,Владислав,Богданович,Чоловіча,1962-07-31,Сценарист,село Бережани,"парк Леонтовича, буд. 423",+380 19 780-27-99,edyta42@example.org
Алексійчук,Варвара,Іванівна,Жіноча,1997-10-06,Стоматолог,село Ромни,"проспект Приморський, буд. 07",052 557 34 34,fedirhavriushenko@example.org
Девдюк,Марко,Григорович,Чоловіча,1984-11-08,Соціолог,селище Кам'янець-Подільський,"вулиця Шефська, буд. 3",+380 (70) 337-29-41,adaverkhola@example.net
Вдовенко,Зорян,Миколайович,Чоловіча,2000-07-07,Музикант,місто Біла Церква,"площа Академічний, буд. 7",093 785-46-83,yonufriienko@example.org
Перебийніс,Макар,Олександрович,Чоловіча,1975-12-22,Історик,місто Хрестівка,"проспект Травневий, буд. 503 кв. 180",+380 70 646-99-46,mykytiukdanylo@example.com
Штокало,Тарас,Юрійович,Чоловіча,1979-09-17,Локсмайстер,селище Херсон,"проспект Лірний, буд. 9 кв. 153",023 948 50 17,trokhym21@example.org
Гайда,Онисим,Іванович,Чоловіча,1997-05-06,Євнух,селище Покров,"набережна Миргородський, буд. 622",068 173 78 43,adamchukmariana@example.org
Корж,Геннадій,Богданович,Чоловіча,1958-11-23,Бібліограф,хутір Білопілля,"площа Куниці, буд. 755",081 178-39-47,khrystyna47@example.net
Пʼятаченко,Дарина,Ярославівна,Жіноча,1957-10-30,Фотограф,селище Південне,"парк Штурвальна, буд. 6",044 218 50 19,oleh27@example.com
Ісаєнко,Ігнат,Євгенович,Чоловіча,2010-01-27,Психолог,село Дрогобич,"парк Чорноморський 7-й, буд. 9",+380 39 948-01-03,pavlenkoodarka@example.org
Кабаненко,Златослава,Дмитрівна,Жіноча,1959-05-10,Математик,місто Марганець,"парк Лиманчик 2-й Лінія 5-та, буд. 01 кв. 24",+380 78 467-69-16,opanas11@example.com
Єщенко,Борис,Михайлович,Чоловіча,1960-07-30,Мистецтвознавець,місто Запоріжжя,"парк Новобазарний, буд. 9",457 48 41,dsaienko@example.com
Їжакевич,Алла,Анатоліївна,Жіноча,1981-12-31,Актор,село Вінниця,"набережна Цимлянська, буд. 6",701 66 85,okhrimchaika@example.org
